region,build,Leontief,IIM,Ghosh
AGO,g0.1,-110.07507274156397,-204.59579902067986,-44.03792359036944
AK,g0.1,-588.2875897167245,-1080.9002935807648,-811.8461614298388
AL,g0.1,-2345.709497284673,-4368.939306522736,-3350.723477395679
AR,g0.1,-1321.8719706636919,-2414.4805482239517,-1867.9725035568592
ARE,g0.1,-203.66479764631885,-392.6879878998204,-765.4208873573398
ARG,g0.1,-122.3804979710872,-225.44656730455435,-282.91921018821864
AUS,g0.1,-268.40610956496744,-479.9113094636953,-766.2586189419876
AUT,g0.1,-183.57599296790178,-330.0816097182619,-234.3003985716473
AZ,g0.1,-3155.128748259416,-6019.222603806176,-4239.693635309183
BEL,g0.1,-523.272667652622,-992.8642612189484,-756.4514898558434
BGD,g0.1,-19.8630647679895,-33.918160533424654,-51.30392157258734
BGR,g0.1,-20.907080569987464,-38.31113451526603,-27.924478209647713
BLR,g0.1,-17.35596091220801,-32.25266035769554,-16.88688318720415
BRA,g0.1,-732.075005861705,-1329.6403241993337,-1280.9131375005104
BRN,g0.1,-3.6729096516161786,-6.690483617849227,-3.4311006584926287
CA,g0.1,-22136.848469276472,-43356.90811807332,-27291.908888716225
CAN,g0.1,-4119.923502290568,-7532.007592201395,-4266.4833107650875
CHE,g0.1,-826.5465965328664,-1615.0381727504443,-996.4599713805177
CHL,g0.1,-156.13126841634025,-262.4013012145241,-210.12006468460504
CHN,g0.1,-6683.273135897529,-11333.821883360106,-6432.599876812206
CIV,g0.1,-13.995968059676148,-21.311701776916863,-13.084172320032431
CMR,g0.1,-7.666197868396647,-13.884258480004307,-8.066717095797081
CO,g0.1,-3319.8911927198114,-6301.21312432397,-4494.050083790718
COD,g0.1,-7.9804583130391435,-14.200039944720817,-40.17061325449076
COL,g0.1,-230.7358025518069,-421.40661489746867,-314.65376998603085
CRI,g0.1,-49.206096506223204,-80.82998738586372,-93.95386285234957
CT,g0.1,-4382.152533980026,-8650.160666798929,-5121.215808514135
CYP,g0.1,-11.70905033664201,-24.063328946776164,-32.259244175449325
CZE,g0.1,-99.36523269168109,-178.84293683948457,-164.76249066794276
DC,g0.1,-1775.8229083876683,-3497.9889384052235,-2424.225877759157
DE,g0.1,-1221.259010443007,-2458.275382559053,-1254.5333101326255
DEU,g0.1,-2106.0908574774885,-3916.641566425137,-2963.061526547463
DNK,g0.1,-211.10621345801349,-388.2801103120227,-206.13692366939313
EGY,g0.1,-32.55510824942984,-61.20874415714874,-85.43684665018931
ESP,g0.1,-466.3435305235143,-844.1281002849437,-558.5097464731128
EST,g0.1,-17.507706251530426,-32.69221837813953,-16.624548458341536
FIN,g0.1,-127.44477806323971,-234.63492770698483,-223.52981356805597
FL,g0.1,-8439.690203888631,-16062.37116883244,-13605.622174436316
FRA,g0.1,-933.9555953694212,-1664.3068091480834,-1600.965894222154
GA,g0.1,-6680.467405819233,-12839.333427608557,-8757.469698001145
GBR,g0.1,-2318.4513137721174,-4633.793153698465,-2494.6811105533375
GRC,g0.1,-106.63085195359265,-202.0088555770117,-113.06805070347195
HI,g0.1,-1036.996481645452,-1931.0874509128519,-1734.9167476253283
HKG,g0.1,-237.53474941998803,-483.5372549936973,-330.1872831278649
HRV,g0.1,-10.816794613506461,-19.56254840061155,-23.399554355257298
HUN,g0.1,-75.57682088627412,-137.22357414396447,-137.08933324187817
IA,g0.1,-2177.7486565212716,-4086.0363121960113,-2838.791589955349
ID,g0.1,-655.8638332428574,-1188.5855921929385,-1032.2373076309818
IDN,g0.1,-279.8461655281144,-465.61710246136994,-297.8223618840036
IL,g0.1,-8740.954844758668,-16731.5913740983,-11029.692810796345
IN,g0.1,-4460.835338638151,-8274.246136626516,-6312.111050544579
IND,g0.1,-1723.2111752183846,-3195.036198159069,-1098.04371115379
IRL,g0.1,-670.1649549748054,-1256.8522409375905,-2870.5003857902707
ISL,g0.1,-22.130286469896603,-37.199085304047564,-25.01960024793651
ISR,g0.1,-339.61589100380445,-617.9485037199701,-388.7748323454631
ITA,g0.1,-691.8988937767206,-1193.7607769659385,-872.382294297132
JOR,g0.1,-9.9564522851263,-18.50002172827903,-24.582191443056683
JPN,g0.1,-1750.209637788234,-3163.252042814927,-3005.6516673749948
KAZ,g0.1,-46.01697602016049,-84.52356464083235,-54.04571435470415
KHM,g0.1,-7.05716338473479,-11.90803706364829,-5.107159371884981
KOR,g0.1,-1135.5968728901084,-2026.8347656557776,-1804.9449535049362
KS,g0.1,-1851.3114173118604,-3433.515897663585,-2571.550027587477
KY,g0.1,-2469.233258181916,-4602.728916802105,-3823.368147087596
LA,g0.1,-2671.4115942851595,-4935.5473239041285,-3308.9589140989583
LAO,g0.1,-2.1682700696941932,-3.7240082635841403,-1.5739017763023906
LTU,g0.1,-25.963504014213182,-46.08270174223411,-18.801352330842214
LUX,g0.1,-139.34652045906049,-285.6608441767429,-463.9673630629127
LVA,g0.1,-10.07938796589566,-18.132145737318236,-16.51255129241003
MA,g0.1,-6970.604393007656,-13556.87556016972,-8879.65333029682
MAR,g0.1,-29.443038942868135,-53.69786395826959,-51.969147569673055
MD,g0.1,-4474.044523915569,-8553.022318671758,-6790.398064683667
ME,g0.1,-665.0306599997349,-1236.6918723130154,-984.0406754045653
MEX,g0.1,-2082.562767267789,-3632.344746809591,-2793.2369701128628
MI,g0.1,-4670.170834724289,-8719.232486477033,-8242.497141358006
MLT,g0.1,-21.652268544339567,-44.36774942404075,-53.392462157339445
MMR,g0.1,-11.60427081831943,-17.627315709558793,-14.758904971831237
MN,g0.1,-3738.920214537328,-6930.480832627332,-4918.591445174558
MO,g0.1,-3309.0689590961565,-6261.325412372355,-4817.847114556226
MS,g0.1,-1273.999278682596,-2330.253538603066,-1916.1368964395363
MT,g0.1,-539.9596461561584,-987.0481242332503,-686.9418194295725
MYS,g0.1,-306.9354876940019,-549.1332743030018,-498.4677029399907
NC,g0.1,-6424.184669529456,-12051.951117679106,-8683.285504247919
ND,g0.1,-556.5535901298616,-1003.6972524169295,-908.6082742170775
NE,g0.1,-1374.6195558099275,-2550.607107265217,-1784.0423148559287
NGA,g0.1,-148.91623658874897,-275.6371753745089,-109.11667035825057
NH,g0.1,-1141.6316636145305,-2167.325878339701,-1528.1488181305415
NJ,g0.1,-7136.107423565722,-13631.503404221112,-8996.124935127977
NLD,g0.1,-531.0819953607631,-989.2576272370405,-1358.1782501377838
NM,g0.1,-1020.3839398064499,-1900.173928332658,-1487.1221469345055
NOR,g0.1,-235.74133076562845,-406.67132879244537,-245.74311906601037
NV,g0.1,-1932.8512734499293,-3652.75936978173,-3215.632288128641
NY,g0.1,-523377.1472416929,-959301.2751384235,-569467.5031992916
NZL,g0.1,-66.66420786297542,-112.50761702776977,-150.44711687215937
OH,g0.1,-7893.4718670145185,-14902.103025848683,-10015.047191768625
OK,g0.1,-2188.08583969334,-4016.3375566313402,-2745.2713382741467
OR,g0.1,-2053.1863542207975,-3837.0654118466655,-2849.659071364815
PA,g0.1,-9246.052007398603,-17569.37064216967,-11543.739670300152
PAK,g0.1,-46.58965472025325,-82.03950239806773,-59.13117941617564
PER,g0.1,-102.82062652032407,-188.05489484410654,-240.82155514784483
PHL,g0.1,-213.57627529481655,-399.04444621860137,-197.70033254569984
POL,g0.1,-188.51449677853518,-340.5981432588326,-299.6735183743597
PRT,g0.1,-90.60891410741259,-161.54493262282995,-77.4440757661329
RI,g0.1,-770.4696318144629,-1450.8453009250236,-966.206106506173
ROU,g0.1,-60.50970482589545,-110.66949131214056,-169.27704599872158
ROW,g0.1,-1884.5799632343103,-3415.006782039937,-2458.165039925493
RUS,g0.1,-675.6186304420489,-1241.2353035607175,-580.9946184198697
SAU,g0.1,-414.1627156538797,-768.4359558417268,-382.024250574732
SC,g0.1,-2404.3224232592656,-4472.225090238803,-3595.694819836878
SD,g0.1,-703.1339060097159,-1315.4302127639735,-881.7645871940003
SEN,g0.1,-2.4905816454185246,-4.192137571096401,-4.70745477832734
SGP,g0.1,-680.4183533923319,-1291.6810103889993,-1402.444710476782
STP,g0.1,-0.07639077112054245,-0.15892984096700496,-0.09540200660150762
SVK,g0.1,-39.76075842738844,-70.78583546778545,-57.49740377028294
SVN,g0.1,-16.242359037133117,-28.923129332618878,-25.13034439509824
SWE,g0.1,-240.7310041007344,-440.25816314991096,-483.23930533524606
THA,g0.1,-336.64824199863483,-565.0060171693963,-604.1542872337869
TN,g0.1,-3978.1670063424817,-7457.362515600914,-6089.916083177534
TUN,g0.1,-9.810704501369997,-17.853729445535436,-16.00513626743959
TUR,g0.1,-208.54871237712752,-367.1724878147323,-373.6156274037334
TWN,g0.1,-639.3064630950109,-1118.319968351942,-769.5833258091328
TX,g0.1,-12751.75384217295,-23929.85674774757,-21415.652821401643
UKR,g0.1,-35.35730468685276,-66.72425559220738,-88.6568097314785
UT,g0.1,-1974.2621408784266,-3756.0505471572687,-2619.8465650741373
VA,g0.1,-6303.770719507138,-11895.44250945422,-8672.316607152403
VNM,g0.1,-341.6324545086181,-557.2746748331496,-437.07065976050853
VT,g0.1,-360.3014426700966,-669.39447129952,-569.0915927208052
WA,g0.1,-4267.809975848089,-8133.873824731771,-6368.694800437767
WI,g0.1,-3619.0712728091266,-6737.4604367836855,-4811.721496653026
WV,g0.1,-791.9122406920276,-1473.3088005427821,-1151.5367273598072
WY,g0.1,-489.97325108195656,-903.4170464545725,-595.1602287211393
ZAF,g0.1,-135.55988688782358,-253.89937239810288,-199.50310330280746
AGO,g0.25,-110.03458982338095,-204.47265775106632,-44.137394914476104
AK,g0.25,-571.8626562718233,-1050.4518456194858,-785.6790411900494
AL,g0.25,-2237.762759841218,-4165.3410810812275,-3223.967435217436
AR,g0.25,-1246.2005396201237,-2275.04940639326,-1782.9931431852785
ARE,g0.25,-203.7171321145443,-392.6951193278258,-766.0744582360846
ARG,g0.25,-122.42863334749808,-225.4673192206057,-283.0293473183896
AUS,g0.25,-268.4907263001738,-479.94391690987794,-766.8190493765636
AUT,g0.25,-183.64101430394265,-330.1171801718446,-234.50499265941906
AZ,g0.25,-2930.518373540856,-5585.514277784504,-3987.301796921287
BEL,g0.25,-523.5148320158164,-993.0550241466739,-757.7009651237407
BGD,g0.25,-19.871417704421145,-33.92318671686384,-51.23653980574331
BGR,g0.25,-20.914878842674103,-38.31503197732104,-27.924682662458313
BLR,g0.25,-17.363107730642838,-32.25711448848636,-16.874159154435645
BRA,g0.25,-732.2589181178103,-1329.6251259837763,-1280.9485311348567
BRN,g0.25,-3.6740680246772017,-6.690905799500721,-3.430273513170551
CA,g0.25,-21031.640737902424,-41165.75702282234,-26170.527193764807
CAN,g0.25,-4120.434153126543,-7530.963711661587,-4263.227394502748
CHE,g0.25,-826.8200302017519,-1615.1994828512627,-997.8036628407067
CHL,g0.25,-156.18845426439296,-262.41773249459084,-209.84278620031623
CHN,g0.25,-6685.386635836875,-11335.105168168402,-6423.62425757179
CIV,g0.25,-14.00516520170206,-21.31393626241634,-13.075695096610971
CMR,g0.25,-7.668920498372992,-13.885721449102991,-8.070546912907412
CO,g0.25,-3115.962953404101,-5908.007987668483,-4263.1419110322395
COD,g0.25,-7.982374713816553,-14.199926591108994,-40.181834481007336
COL,g0.25,-230.72846638838502,-421.2763652356907,-314.332556731319
CRI,g0.25,-49.22684092589343,-80.84054315261616,-93.87586769420771
CT,g0.25,-5349.227648955738,-10545.309814870996,-6117.691816781003
CYP,g0.25,-11.713332665834287,-24.065598041372702,-32.31365955122557
CZE,g0.25,-99.40380020299106,-178.8650974807444,-164.84272309727456
DC,g0.25,-1848.9029851433131,-3641.4499373426493,-2522.389801601304
DE,g0.25,-1310.1000506038981,-2636.451443157499,-1332.6904780672771
DEU,g0.25,-2106.9941988263613,-3917.207411742015,-2965.5494701515686
DNK,g0.25,-211.20364028127827,-388.35671363467,-206.25471020585408
EGY,g0.25,-32.56812316338599,-61.21540003176149,-85.55641964039026
ESP,g0.25,-466.5324962409576,-844.248213293613,-558.4875591676639
EST,g0.25,-17.515014366825387,-32.69729716538868,-16.638459140466264
FIN,g0.25,-127.50014356187421,-234.6718690152097,-223.85991251816503
FL,g0.25,-8179.19787435591,-15556.086522941037,-13303.115137445082
FRA,g0.25,-934.3219853512046,-1664.5400955771074,-1601.8086746035206
GA,g0.25,-6445.566334904,-12379.327449814802,-8545.401725612192
GBR,g0.25,-2319.3462632603487,-4634.346523380636,-2497.6196833055724
GRC,g0.25,-106.68424656963735,-202.04952655243468,-113.21826024501915
HI,g0.25,-995.5789523563354,-1854.2428231340082,-1673.7521575585272
HKG,g0.25,-237.6254933018959,-483.5938716178571,-330.51906167668557
HRV,g0.25,-10.821316052317288,-19.565959038023003,-23.431115830763172
HUN,g0.25,-75.61278597260117,-137.24915799678715,-137.1806396158908
IA,g0.25,-2076.590184717063,-3888.4582566714525,-2730.08180857632
ID,g0.25,-608.5245184905785,-1101.1064314763107,-965.414080708829
IDN,g0.25,-279.9155569994176,-465.61770851745626,-297.729264638522
IL,g0.25,-8377.864206621578,-16017.414911637848,-10710.399580524245
IN,g0.25,-4358.126166892074,-8077.0438583716705,-6190.340432727851
IND,g0.25,-1723.908154454216,-3195.531416847416,-1096.677873651418
IRL,g0.25,-670.4022518932971,-1257.0337298252896,-2874.0267229129145
ISL,g0.25,-22.13951994404291,-37.20464741725413,-25.00983581604009
ISR,g0.25,-339.7616199186994,-618.0641106331548,-389.09400289927214
ITA,g0.25,-692.124042613341,-1193.8774143408855,-872.7304325405687
JOR,g0.25,-9.96053289877154,-18.502772365712318,-24.508794916947128
JPN,g0.25,-1751.01078201901,-3163.7061885301378,-3006.0242040579224
KAZ,g0.25,-46.03112199643324,-84.52783721680527,-54.12905563790679
KHM,g0.25,-7.059935178268057,-11.909332991701024,-5.1056390518223305
KOR,g0.25,-1136.086610589028,-2027.1254139030286,-1804.2438051898996
KS,g0.25,-1751.133180605266,-3244.0358900979213,-2452.2739681031508
KY,g0.25,-2410.8084388373622,-4490.728882012437,-3751.0603031072374
LA,g0.25,-2557.7980129660245,-4721.651858001294,-3175.1562421902736
LAO,g0.25,-2.1690124873918384,-3.7244196951897126,-1.5741034502071263
LTU,g0.25,-25.97303874791566,-46.088500368599156,-18.807095952835123
LUX,g0.25,-139.39293336782998,-285.683846576186,-464.80674278406235
LVA,g0.25,-10.082978235164902,-18.13450541282647,-16.535985109483082
MA,g0.25,-8242.169308952307,-16015.53670364252,-10294.420758796225
MAR,g0.25,-29.457303771076187,-53.708222808950666,-51.859204993485555
MD,g0.25,-4733.841387908994,-9044.53986822713,-7124.785146771431
ME,g0.25,-761.9506997950473,-1414.927299343114,-1104.3871412976885
MEX,g0.25,-2083.255730241805,-3632.4480462372107,-2788.7087932345275
MI,g0.25,-4720.335246511446,-8807.421877396448,-8322.015394988344
MLT,g0.25,-21.66023841128044,-44.37234787627086,-53.49545515832159
MMR,g0.25,-11.60829164067791,-17.628933887063372,-14.75266683890043
MN,g0.25,-3629.9572375604444,-6722.896742356822,-4812.971793762327
MO,g0.25,-3127.1722249027475,-5911.076262638627,-4615.207860066579
MS,g0.25,-1207.955331307903,-2208.2365056500353,-1833.6573829562203
MT,g0.25,-516.4674769250817,-943.0027348736488,-651.9848971065329
MYS,g0.25,-307.0536097593407,-549.2106900642463,-498.8314391585839
NC,g0.25,-6500.437870780628,-12186.43704919922,-8788.592182456938
ND,g0.25,-540.0978997585861,-972.5507166868472,-878.8310254206768
NE,g0.25,-1300.7035828295955,-2408.978632901857,-1704.1713231974459
NGA,g0.25,-148.87695448491044,-275.49630528504395,-109.21639000256918
NH,g0.25,-1368.329859858161,-2593.8975552319143,-1787.217928515803
NJ,g0.25,-8060.975162555041,-15387.185811558033,-9992.41541670579
NLD,g0.25,-531.3249131926567,-989.4364071024737,-1359.6852751153613
NM,g0.25,-956.8063540679847,-1780.477342772019,-1399.693812902111
NOR,g0.25,-235.81688346399167,-406.69379777952196,-245.7893264857437
NV,g0.25,-1726.8744774951178,-3262.5014444718418,-2903.453118454292
NY,g0.25,-523565.9525149442,-959334.7127486364,-569710.2773489511
NZL,g0.25,-66.69103716820348,-112.52227798356736,-150.64697195261726
OH,g0.25,-7934.753439555942,-14970.88616970814,-10095.03696183804
OK,g0.25,-2081.0533799556633,-3816.3676371552206,-2610.3985600128453
OR,g0.25,-1888.7657369507886,-3526.5125946351163,-2661.147104937555
PA,g0.25,-10110.677887095751,-19200.35112629373,-12485.461087710095
PAK,g0.25,-46.608157947179755,-82.05188449601626,-59.092377526027434
PER,g0.25,-102.85027170841751,-188.05615143292272,-240.54968003011913
PHL,g0.25,-213.6775571093183,-399.11969224590166,-197.66605887960955
POL,g0.25,-188.59033428335601,-340.64779516636736,-299.8372488660517
PRT,g0.25,-90.64170404155674,-161.56532367536573,-77.45048242232151
RI,g0.25,-903.0841387584521,-1698.3521992835804,-1108.6544774872245
ROU,g0.25,-60.53515293737055,-110.68600162694148,-169.55500872627212
ROW,g0.25,-1884.7121247832342,-3414.3179419564,-2457.990568872252
RUS,g0.25,-675.8230581222425,-1241.2937028144593,-581.1435486684674
SAU,g0.25,-414.0333657408133,-768.0102720137697,-382.19411532800785
SC,g0.25,-2366.0918038671743,-4398.966284307983,-3551.533656992135
SD,g0.25,-669.5877213807961,-1250.2900154699971,-847.1792773784274
SEN,g0.25,-2.4914615006801073,-4.192599830342526,-4.708843832560714
SGP,g0.25,-680.71009262203,-1291.8958979187066,-1403.7691386834722
STP,g0.25,-0.07641878140229548,-0.15894567898653653,-0.09533120556789229
SVK,g0.25,-39.77977249563496,-70.7964272111938,-57.50580066803619
SVN,g0.25,-16.247830862777803,-28.92608203839125,-25.13652124935059
SWE,g0.25,-240.83213854265847,-440.32259941487763,-484.14625661205946
THA,g0.25,-336.76742052224415,-565.0732865325112,-604.6392901710237
TN,g0.25,-3822.247417648486,-7161.653954209603,-5905.23412869059
TUN,g0.25,-9.812715437112752,-17.85258853561431,-16.003032141359213
TUR,g0.25,-208.60881446372952,-367.18385146275045,-373.47320474989374
TWN,g0.25,-639.5437648390798,-1118.4561460696752,-769.4971593020966
TX,g0.25,-12208.838315161624,-22883.438962088672,-20654.564200514866
UKR,g0.25,-35.36872010966025,-66.72677682019382,-88.31788268174658
UT,g0.25,-1830.4129702804864,-3479.382697662534,-2466.373770415045
VA,g0.25,-6518.545284121851,-12293.821013142426,-8931.315809257443
VNM,g0.25,-341.7388711584139,-557.3146589923423,-436.76119870119174
VT,g0.25,-434.75829733959114,-806.0824214069248,-666.9691973657607
WA,g0.25,-4005.105232143739,-7626.136992873169,-6014.114820296052
WI,g0.25,-3524.775359854413,-6555.0966801731665,-4720.263321416718
WV,g0.25,-798.2459103382665,-1484.3811872572512,-1154.6583035532071
WY,g0.25,-470.8998512663954,-867.6324798875354,-564.0316451317619
ZAF,g0.25,-135.60023892296107,-253.90709976611873,-199.55229565384056
AGO,g0.5,-110.01102092174385,-204.32122934770283,-44.32352437981229
AK,g0.5,-538.4376019797703,-988.4528621053773,-735.4986766926517
AL,g0.5,-2035.2359371359519,-3783.3556829239465,-2987.6766042449576
AR,g0.5,-1115.171351679055,-2033.144805956678,-1636.6700910133309
ARE,g0.5,-203.84182397275208,-392.7311862074176,-767.5047068657425
ARG,g0.5,-122.54099051245923,-225.5254345540888,-283.28486992605417
AUS,g0.5,-268.69077120374413,-480.03820917115326,-767.9386192597904
AUT,g0.5,-183.78896546431852,-330.20617980654373,-234.91542175374147
AZ,g0.5,-2525.3137318640065,-4803.337514246571,-3536.992799361673
BEL,g0.5,-524.0199261273692,-993.4545708867005,-760.0776149936928
BGD,g0.5,-19.889311761535666,-33.93461802164099,-51.1190325552452
BGR,g0.5,-20.932181008125188,-38.32444705635333,-27.93087080285812
BLR,g0.5,-17.378930383309697,-32.267810072832326,-16.85677837213546
BRA,g0.5,-732.7508450596997,-1329.7562774831604,-1281.1550811878087
BRN,g0.5,-3.676800318824846,-6.69223795763733,-3.429248753801675
CA,g0.5,-18814.07105826095,-36793.4866540189,-23889.83107032518
CAN,g0.5,-4122.4308080609635,-7530.26785712541,-4257.624524815581
CHE,g0.5,-827.387513747226,-1615.5277548882252,-1000.3667545433838
CHL,g0.5,-156.32506279839689,-262.4687662110442,-209.38909480123334
CHN,g0.5,-6690.274304099753,-11338.242753307677,-6407.528968624747
CIV,g0.5,-14.026677151493912,-21.320960527304884,-13.06254011039507
CMR,g0.5,-7.67492109260913,-13.889195025665932,-8.078954986243314
CO,g0.5,-2755.1379924290914,-5212.159779364504,-3858.1661888594363
COD,g0.5,-7.98758783627134,-14.201128072272766,-40.20739588982299
COL,g0.5,-230.7955982809059,-421.142381526107,-313.8186483123634
CRI,g0.5,-49.27363324302866,-80.86565613932638,-93.7420194530727
CT,g0.5,-7344.408094795142,-14437.780977562086,-8098.318548638864
CYP,g0.5,-11.721707760666993,-24.069678126447045,-32.42292855059207
CZE,g0.5,-99.48877502276983,-178.91682110633542,-164.9989874091126
DC,g0.5,-1938.3931250577225,-3815.427122157546,-2649.348060556964
DE,g0.5,-1452.9030491333156,-2921.871817316637,-1456.438088747866
DEU,g0.5,-2108.9425730434978,-3918.483228711416,-2970.422016373421
DNK,g0.5,-211.42204188231082,-388.5395124427216,-206.48887057369558
EGY,g0.5,-32.597908929555025,-61.233522997898504,-85.78421418553286
ESP,g0.5,-466.94462108268533,-844.5227634297323,-558.5443437801945
EST,g0.5,-17.530579721006436,-32.70839832087512,-16.665982619729853
FIN,g0.5,-127.62350463749337,-234.75976367529938,-224.48087332702914
FL,g0.5,-7682.362880356076,-14590.81718420447,-12754.93156001984
FRA,g0.5,-935.1271355265989,-1665.0784512539992,-1603.6188436239604
GA,g0.5,-5991.958243422949,-11491.220751562098,-8145.812095903157
GBR,g0.5,-2321.122507460113,-4635.394500495945,-2503.5931540251363
GRC,g0.5,-106.80405267254231,-202.1473154520374,-113.53890056423323
HI,g0.5,-917.1988985990546,-1708.4072831371777,-1560.4850842429228
HKG,g0.5,-237.80001378372353,-483.6948829712818,-331.1895549700631
HRV,g0.5,-10.830997768562533,-19.57341469336171,-23.494782097393507
HUN,g0.5,-75.689714758059,-137.3048215749473,-137.3612539058806
IA,g0.5,-1890.5421284161553,-3524.56332068177,-2531.4192230672525
ID,g0.5,-518.9937322979265,-935.7466489541894,-840.3895806226066
IDN,g0.5,-280.09880541130104,-465.67083332199167,-297.59912423380615
IL,g0.5,-7707.315525265017,-14698.708355478517,-10129.096996611031
IN,g0.5,-4149.5506871259795,-7677.181955445612,-5948.104999360325
IND,g0.5,-1725.3532169058067,-3196.5601436433244,-1094.1398996050755
IRL,g0.5,-670.903078179808,-1257.4168645394373,-2881.081294928853
ISL,g0.5,-22.15959723385707,-37.216788766217036,-24.994503237254808
ISR,g0.5,-340.07000813428294,-618.3111444729224,-389.7712852866999
ITA,g0.5,-692.6464861745533,-1194.1816704270936,-873.521519573218
JOR,g0.5,-9.968977823658573,-18.508553637831,-24.381169052392035
JPN,g0.5,-1752.7537851212298,-3164.744524695938,-3007.065271270715
KAZ,g0.5,-46.06591548794873,-84.54363644231697,-54.28867176361225
KHM,g0.5,-7.066107835518852,-11.912580337245238,-5.1033106732493625
KOR,g0.5,-1137.1885418400468,-2027.8219539148336,-1803.1748713324434
KS,g0.5,-1574.6643454609916,-2909.829776611578,-2243.145086428029
KY,g0.5,-2293.113946769433,-4265.339588382619,-3608.707953836146
LA,g0.5,-2359.27978671762,-4347.251189354837,-2940.9930878084874
LAO,g0.5,-2.1707286798630028,-3.7254625302310034,-1.5746702636044148
LTU,g0.5,-25.994654788915792,-46.10279203738227,-18.821632111427895
LUX,g0.5,-139.48264508496172,-285.72312172270557,-466.4795375152071
LVA,g0.5,-10.09078046556634,-18.139775618862387,-16.582812236975073
MA,g0.5,-10791.975396151673,-20931.27024893178,-13055.964544166221
MAR,g0.5,-29.48854480548745,-53.73184208681314,-51.660926489507744
MD,g0.5,-5117.073066974584,-9766.711894118698,-7619.774390775141
ME,g0.5,-952.4512401771836,-1764.763230468912,-1335.7351550906153
MEX,g0.5,-2084.977417556587,-3633.0212014249164,-2780.9513317899573
MI,g0.5,-4774.899287786103,-8898.200583054037,-8433.051468857278
MLT,g0.5,-21.67542745639207,-44.380089063922554,-53.697934694724566
MMR,g0.5,-11.617667282692342,-17.633001687500453,-14.74291312330107
MN,g0.5,-3419.848257273265,-6321.585586856178,-4616.631583329019
MO,g0.5,-2803.6817312479434,-5287.800713382979,-4255.545567994619
MS,g0.5,-1091.1297308038336,-1992.0419828493866,-1688.614848472823
MT,g0.5,-472.0605029033149,-859.7014472059658,-587.5816084846638
MYS,g0.5,-307.31463040982976,-549.3837393463748,-499.5737990137588
NC,g0.5,-6582.645564319712,-12325.089597186452,-8936.916455057726
ND,g0.5,-509.67782978586706,-914.7477928802656,-824.5338507265446
NE,g0.5,-1169.1133436044404,-2155.98491020234,-1562.1601543668576
NGA,g0.5,-148.86789028688432,-275.3282172120432,-109.4134236468027
NH,g0.5,-1822.7908420434514,-3446.9010112539045,-2289.939053561386
NJ,g0.5,-9774.65031370898,-18632.952633874935,-11805.99109119393
NLD,g0.5,-531.8449348705407,-989.8295943984953,-1362.709272639911
NM,g0.5,-845.4128484428643,-1570.4542580785392,-1246.6130398751343
NOR,g0.5,-236.00390621495043,-406.779947675444,-245.92962305301856
NV,g0.5,-1323.436301321424,-2498.9379361971573,-2290.694580937346
NY,g0.5,-524160.9176881314,-959853.7156649899,-570436.9379968899
NZL,g0.5,-66.75009087876637,-112.55563377062788,-151.03399902232772
OH,g0.5,-7941.493000979946,-14966.53204696732,-10199.83597091062
OK,g0.5,-1895.6401817697513,-3469.365266604579,-2378.2692399904067
OR,g0.5,-1563.972339650783,-2913.5246993392143,-2293.2360652805573
PA,g0.5,-11626.912019723422,-22055.988922176442,-14130.073401322077
PAK,g0.5,-46.647590535128096,-82.07930030883725,-59.02690880164886
PER,g0.5,-102.92751976487347,-188.07579085259925,-240.1037394273511
PHL,g0.5,-213.8874593257161,-399.274765012774,-197.62882873741802
POL,g0.5,-188.7540703300351,-340.7580261822,-300.17548593565385
PRT,g0.5,-90.71434012828439,-161.61338971552263,-77.47073820289998
RI,g0.5,-1153.3821346361194,-2165.5580713186396,-1369.9649977433746
ROU,g0.5,-60.58968584842108,-110.72277978411807,-170.12068608846056
ROW,g0.5,-1885.5175966168968,-3413.7494306042513,-2458.1988405347283
RUS,g0.5,-676.3276254059826,-1241.518787310034,-581.5265119300659
SAU,g0.5,-413.98003216827976,-767.4954771599104,-382.6190870331316
SC,g0.5,-2280.3045009539333,-4235.237646979419,-3456.5754948428325
SD,g0.5,-608.2756625366214,-1130.7738701406852,-785.6146381364971
SEN,g0.5,-2.4934395746267133,-4.19366628041835,-4.712691230225844
SGP,g0.5,-681.327219465775,-1292.3559994228488,-1406.3420220407381
STP,g0.5,-0.0764711342346916,-0.15897158273430886,-0.0952228894488881
SVK,g0.5,-39.82096382132053,-70.82038127977597,-57.52631811420263
SVN,g0.5,-16.26036606746898,-28.933603194435246,-25.151821128393387
SWE,g0.5,-241.0560360872112,-440.4748505553316,-485.8699192449519
THA,g0.5,-337.0411844758685,-565.2358862490909,-605.6776816810278
TN,g0.5,-3538.843192779331,-6623.13200853493,-5573.535894784793
TUN,g0.5,-9.818564311906187,-17.852914914639612,-16.001861165995553
TUR,g0.5,-208.75801366375583,-367.23739409616275,-373.2525536903812
TWN,g0.5,-640.088753738495,-1118.7924923022022,-769.4586342720053
TX,g0.5,-11265.263231087441,-21062.676855102614,-19381.858596229802
UKR,g0.5,-35.396533437675544,-66.73762021454037,-87.70399933689163
UT,g0.5,-1566.7241609235218,-2972.036589607987,-2187.6097786312316
VA,g0.5,-6835.494088862592,-12878.652385854397,-9325.612770585312
VNM,g0.5,-341.9933128123992,-557.430313975502,-436.25755305237135
VT,g0.5,-590.0479842184816,-1090.42768827717,-864.1641999716048
WA,g0.5,-3482.1083234577095,-6618.487812103862,-5324.611931428098
WI,g0.5,-3332.732325755599,-6184.191389930076,-4539.122449135861
WV,g0.5,-803.0299157111283,-1491.787519326023,-1154.2500488963788
WY,g0.5,-436.31913696351336,-802.764527962516,-507.3668415244365
ZAF,g0.5,-135.70277683375795,-253.9462871181824,-199.67356795238032
AGO,g0.75,-110.05564361821806,-204.2627872677136,-44.52707646559363
AK,g0.75,-499.4742689072108,-916.1192838959641,-680.869632618313
AL,g0.75,-1806.2588971824525,-3351.731253770519,-2720.6570495178603
AR,g0.75,-980.2666571969107,-1783.7014377460318,-1486.8613388843935
ARE,g0.75,-204.02431752913466,-392.8177801618413,-769.321188024303
ARG,g0.75,-122.70140379376956,-225.6273522881998,-283.61678340081545
AUS,g0.75,-268.9798738007126,-480.2100545093764,-769.24229317789
AUT,g0.75,-183.9939737402626,-330.3458342120671,-235.39120539798037
AZ,g0.75,-2110.2401835383525,-4002.9823669018533,-3081.981956330805
BEL,g0.75,-524.654477583464,-993.9671727946408,-762.7201860703311
BGD,g0.75,-19.912457787684716,-33.95073085912165,-51.00025474640033
BGR,g0.75,-20.955536519045598,-38.338871203395165,-27.944197394675847
BLR,g0.75,-17.40017552335189,-32.28366926969624,-16.84396639282977
BRA,g0.75,-733.5201786031874,-1330.169747369569,-1281.5662280048302
BRN,g0.75,-3.6806595893547245,-6.6946008119104885,-3.4285929490683853
CA,g0.75,-16327.275779251533,-31915.979734778604,-21305.22775413258
CAN,g0.75,-4126.19583888572,-7531.504632577913,-4251.4160406967785
CHE,g0.75,-828.105312650224,-1615.9486218682623,-1003.2543958037163
CHL,g0.75,-156.5233476697039,-262.56817686320437,-208.95084452945974
CHN,g0.75,-6697.091655472991,-11343.023123338384,-6390.529707014648
CIV,g0.75,-14.056506528709994,-21.333569220729576,-13.05123946029179
CMR,g0.75,-7.6828942653095105,-13.89431065124987,-8.089418452505859
CO,g0.75,-2385.3732023390253,-4499.406605341064,-3449.2583674824305
COD,g0.75,-7.996074289012728,-14.205366293499235,-40.226212051739864
COL,g0.75,-230.9828831688621,-421.1532983707368,-313.33015666745587
CRI,g0.75,-49.33680893698376,-80.90271313588737,-93.60057287372213
CT,g0.75,-9721.551829167374,-19051.09992753856,-10365.174801203257
CYP,g0.75,-11.731494936952608,-24.07413963184406,-32.551218963352696
CZE,g0.75,-99.6022792910808,-178.9923437914446,-165.17387464950156
DC,g0.75,-1970.2037444654059,-3873.8960083873367,-2707.6574157142363
DE,g0.75,-1577.1877201165642,-3168.9938508739974,-1561.8234436579107
DEU,g0.75,-2111.4949118281947,-3920.2785777544377,-2975.9968859806327
DNK,g0.75,-211.71605349826882,-388.802812769683,-206.76958859076157
EGY,g0.75,-32.6389621353722,-61.26295076207621,-86.03551264857693
ESP,g0.75,-467.4892205641923,-844.913036272876,-558.7070279968793
EST,g0.75,-17.550570556641787,-32.72339091202147,-16.697717450943934
FIN,g0.75,-127.7906661174805,-234.89022952111773,-225.16910572361596
FL,g0.75,-7097.606082775186,-13456.737982491873,-12141.11566600603
FRA,g0.75,-936.198989788485,-1665.8505237184909,-1605.8744231353508
GA,g0.75,-5456.021647619033,-10443.099965722862,-7680.284540454059
GBR,g0.75,-2323.237168964035,-4636.605965419263,-2510.6210438822636
GRC,g0.75,-106.96503573713443,-202.28976996065947,-113.93093138171012
HI,g0.75,-831.6990117354757,-1548.8351889005746,-1440.6813039434157
HKG,g0.75,-237.99909565355966,-483.8018617376543,-331.97957816164546
HRV,g0.75,-10.84350432586012,-19.583413436811167,-23.569490964467192
HUN,g0.75,-75.7889513364721,-137.37937419025843,-137.57113088313227
IA,g0.75,-1686.2524537733568,-3124.999425282132,-2313.6517492822663
ID,g0.75,-425.44574242339536,-763.1338256175452,-710.464693124577
IDN,g0.75,-280.3797821930527,-465.8139606360687,-297.496319853484
IL,g0.75,-6959.0871424747,-13229.618464515488,-9483.840195053876
IN,g0.75,-3891.5713176918116,-7183.406310854333,-5649.804363431246
IND,g0.75,-1727.1597108061083,-3197.8760056182487,-1091.4428063328357
IRL,g0.75,-671.5482360906868,-1257.9165131605455,-2889.352637378912
ISL,g0.75,-22.18558500705251,-37.23304235038771,-24.98210694447209
ISR,g0.75,-340.46376921666814,-618.6344262579455,-390.59990160886446
ITA,g0.75,-693.3815918391653,-1194.672319508647,-874.5101373657046
JOR,g0.75,-9.979492956928492,-18.516020482911866,-24.251999552994068
JPN,g0.75,-1755.0559770078305,-3166.2328951541203,-3008.5608961712733
KAZ,g0.75,-46.11779558088925,-84.57578357387541,-54.46611284588543
KHM,g0.75,-7.074418781954633,-11.91763524024906,-5.101115096599467
KOR,g0.75,-1138.689022013434,-2028.8614560474034,-1802.234093413861
KS,g0.75,-1390.167848114692,-2560.1781657639085,-2025.5706054036457
KY,g0.75,-2147.8129188965804,-3987.6164727843898,-3434.8901994117214
LA,g0.75,-2152.9264223071877,-3957.5134881451168,-2695.936512532519
LAO,g0.75,-2.1731281958978053,-3.727097786151876,-1.5753407210937147
LTU,g0.75,-26.024192936271252,-46.124372354827955,-18.841221694577637
LUX,g0.75,-139.5866462342587,-285.7640208416216,-468.4303263416321
LVA,g0.75,-10.101035172477317,-18.14712355756115,-16.637439340366594
MA,g0.75,-13788.001367635137,-26686.94115527425,-16209.554512415583
MAR,g0.75,-29.529944784808446,-53.76503968677347,-51.4507307685457
MD,g0.75,-5392.278121778296,-10280.303911402692,-7979.643373563527
ME,g0.75,-1175.9009093487757,-2174.5806958512035,-1600.8228597969603
MEX,g0.75,-2087.5244555746326,-3634.3110236728903,-2772.7906408128297
MI,g0.75,-4781.04999136869,-8895.47763266891,-8500.581728966477
MLT,g0.75,-21.69257487201562,-44.38762845005179,-53.93078848192818
MMR,g0.75,-11.630590766616201,-17.639264795682745,-14.734467805976681
MN,g0.75,-3175.792085364806,-5854.236540064676,-4396.2180028865205
MO,g0.75,-2459.946618328269,-4625.902529443036,-3872.2271919979225
MS,g0.75,-967.3653468300192,-1762.733467374596,-1535.7758365066582
MT,g0.75,-424.67296654815226,-770.7304316670961,-520.2983391156098
MYS,g0.75,-307.6622731090938,-549.6247990828466,-500.4717578885723
NC,g0.75,-6590.898182564946,-12323.017451483034,-9031.066416094043
ND,g0.75,-476.631203194809,-851.6304804867189,-766.3181448434407
NE,g0.75,-1030.7703777145118,-1889.336897296668,-1412.267586180152
NGA,g0.75,-148.94550427133657,-275.2749706277341,-109.64095682373278
NH,g0.75,-2343.9581409542366,-4422.386505841189,-2848.654146003933
NJ,g0.75,-11625.809374008806,-22128.980712617387,-13730.225756902626
NLD,g0.75,-532.5155279738401,-990.3592806742082,-1366.226106739364
NM,g0.75,-732.8236628470169,-1357.9101638444029,-1092.7662905232723
NOR,g0.75,-236.27586044183133,-406.9451500697081,-246.14297595607758
NV,g0.75,-929.7007138096594,-1755.7078609198397,-1670.7823517620495
NY,g0.75,-525164.0151013238,-961081.8973743474,-571628.0043021131
NZL,g0.75,-66.82807871796723,-112.60277589842639,-151.47038806991344
OH,g0.75,-7849.561050144635,-14773.251146414412,-10248.375317844084
OK,g0.75,-1706.9768140777169,-3115.738046252465,-2143.54728371157
OR,g0.75,-1214.6359665320454,-2255.3652040044294,-1896.371540523726
PA,g0.75,-13156.418966332583,-24931.187602276575,-15788.350840738238
PAK,g0.75,-46.698495444273306,-82.11703817560296,-58.96069978146435
PER,g0.75,-103.05155901412803,-188.1383969182267,-239.67393856079804
PHL,g0.75,-214.14809124410715,-399.4696682250573,-197.6233478861423
POL,g0.75,-188.9679452280009,-340.9104959701691,-300.5768113552397
PRT,g0.75,-90.81179385210746,-161.68390728211162,-77.5022196991694
RI,g0.75,-1416.0498217529562,-2656.6655890584952,-1636.5076946743845
ROU,g0.75,-60.66034639601666,-110.7735887375557,-170.7893412966385
ROW,g0.75,-1887.1969581605183,-3414.1808367121757,-2458.9165661171987
RUS,g0.75,-677.0833500397948,-1241.9873348907722,-582.0667389650115
SAU,g0.75,-414.1786205695677,-767.3181547260649,-383.19846375114633
SC,g0.75,-2163.372600849316,-4012.8010539384013,-3329.1696017227896
SD,g0.75,-542.3189428334836,-1001.6407094883041,-721.458651411092
SEN,g0.75,-2.4961124634190157,-4.195224777827556,-4.718230658197867
SGP,g0.75,-682.1141462622245,-1292.9610812541898,-1409.3426637782231
STP,g0.75,-0.07652871987927726,-0.15899546028959513,-0.09513424344774225
SVK,g0.75,-39.87504177583843,-70.85426403917575,-57.55316650109383
SVN,g0.75,-16.277855837310817,-28.94557293816088,-25.172011216559024
SWE,g0.75,-241.35672471879522,-440.69832369789873,-487.7877811204685
THA,g0.75,-337.4188882977354,-565.4803436098265,-606.9516917858747
TN,g0.75,-3226.4784442336854,-6028.81215218886,-5211.357798706733
TUN,g0.75,-9.827964886796831,-17.85692292830777,-16.002897323900612
TUR,g0.75,-208.98163638310155,-367.35796182312015,-373.05062811623037
TWN,g0.75,-640.842894228367,-1119.307622508307,-769.5582223846666
TX,g0.75,-10297.97852185534,-19194.775167721047,-18148.823274050344
UKR,g0.75,-35.43767937089163,-66.76117546202728,-87.05916087933636
UT,g0.75,-1295.6308980100666,-2450.5493576106596,-1902.8189140476513
VA,g0.75,-7076.3527124787,-13317.605009103703,-9640.405600340782
VNM,g0.75,-342.35691043485946,-557.631209619851,-435.81361763618065
VT,g0.75,-781.3938033785053,-1439.6615176436794,-1098.745934334761
WA,g0.75,-2898.43844638424,-5497.400434764821,-4570.224719159418
WI,g0.75,-3095.6087550306065,-5727.185826692282,-4318.421707442368
WV,g0.75,-798.5140357057192,-1481.5084653450124,-1144.3229306676915
WY,g0.75,-399.35128645375073,-733.4848411955579,-446.7974801076311
ZAF,g0.75,-135.8626492317718,-254.04095494549153,-199.83029887517577
AGO,g1.0,-110.17442823999333,-204.3161424319128,-44.7368696834103
AK,g1.0,-458.03057932072085,-839.130168776944,-626.5721687071982
AL,g1.0,-1560.6344239628845,-2889.3081771624766,-2432.09054768262
AR,g1.0,-846.2662458003753,-1535.8003768968013,-1338.2042108790044
ARE,g1.0,-204.27180510099714,-392.97911389336974,-771.4100603288791
ARG,g1.0,-122.91243501156039,-225.78717812087214,-284.0033100267151
AUS,g1.0,-269.364241926822,-480.48796727922524,-770.6595195243702
AUT,g1.0,-184.2569861028597,-330.5479265545446,-235.89928697822418
AZ,g1.0,-1717.96691505294,-3248.1101262909883,-2656.2040853159583
BEL,g1.0,-525.4052102801063,-994.5985866115718,-765.48133377363
BGD,g1.0,-19.940388839574116,-33.97196311242619,-50.88792984724997
BGR,g1.0,-20.98489962331679,-38.35956599977731,-27.96352805862459
BLR,g1.0,-17.42671236047701,-32.30548317177465,-16.834747077393192
BRA,g1.0,-734.5817011391035,-1330.9413069409509,-1282.213666079284
BRN,g1.0,-3.685634369544127,-6.6981919622776,-3.428203254656566
CA,g1.0,-13888.164252588935,-27147.71061294839,-18761.78823676506
CAN,g1.0,-4131.88489563518,-7535.237977500541,-4244.258831217406
CHE,g1.0,-828.9719614159773,-1616.4945828615676,-1006.3456604178099
CHL,g1.0,-156.78479475168965,-262.73362265422605,-208.53558574322784
CHN,g1.0,-6705.801728237898,-11349.711311241876,-6373.563707356812
CIV,g1.0,-14.09345984017011,-21.352300777025466,-13.042439431705693
CMR,g1.0,-7.692727048706862,-13.901333921115768,-8.101185239431786
CO,g1.0,-2027.6710856392883,-3810.8505153605793,-3059.202569468745
COD,g1.0,-8.00828412796908,-14.213989630061825,-40.221787030674896
COL,g1.0,-231.29747876570508,-421.3406924063383,-312.8693838627053
CRI,g1.0,-49.414525483512705,-80.95282588654563,-93.45193215321333
CT,g1.0,-12288.202076213767,-24006.8705920222,-12739.072169663994
CYP,g1.0,-11.742512912969172,-24.079326472559536,-32.69039223386292
CZE,g1.0,-99.74338686496444,-179.09581307571642,-165.35691997279656
DC,g1.0,-1934.3677079078545,-3797.7749340227833,-2681.002791686255
DE,g1.0,-1671.9766755521932,-3356.1318022899472,-1639.2440958611182
DEU,g1.0,-2114.628852166129,-3922.6761006586476,-2981.9756083742245
DNK,g1.0,-212.08112624474498,-389.1508719476328,-207.09414206847885
EGY,g1.0,-32.69108646964812,-61.30555547537746,-86.29416261492317
ESP,g1.0,-468.1602124295949,-845.4355230522748,-558.9544935111659
EST,g1.0,-17.57462551672837,-32.742635471349146,-16.731866560733014
FIN,g1.0,-128.00109466120514,-235.0704367294645,-225.89436704192366
FL,g1.0,-6432.370986218271,-12170.348180357509,-11461.738201969827
FRA,g1.0,-937.5257639086623,-1666.8891488497782,-1608.4726313634399
GA,g1.0,-4852.395388310101,-9265.042274472487,-7153.378291046061
GBR,g1.0,-2325.6494403614956,-4638.030547536847,-2518.2052571354047
GRC,g1.0,-107.16453420471615,-202.48023103713774,-114.36203627357334
HI,g1.0,-744.8010372079438,-1386.2870021036867,-1323.1880547374906
HKG,g1.0,-238.21745886684215,-483.91815308223204,-332.8397536177853
HRV,g1.0,-10.858598337184091,-19.596094432003397,-23.650146748544334
HUN,g1.0,-75.90850178161564,-137.4739635104589,-137.80058823773868
IA,g1.0,-1472.5747617565394,-2707.821333077822,-2083.860870578011
ID,g1.0,-338.6883187952224,-603.3231706006601,-589.2235474857216
IDN,g1.0,-280.7576990642154,-466.0647108536548,-297.4182908345635
IL,g1.0,-6157.8057832714785,-11661.01795233871,-8785.654394990366
IN,g1.0,-3590.2659325178947,-6607.743174027701,-5297.43651711701
IND,g1.0,-1729.290469121587,-3199.5004577350855,-1088.8227683577772
IRL,g1.0,-672.3348787931153,-1258.5498231347308,-2898.351622737428
ISL,g1.0,-22.216514132105985,-37.253581115409986,-24.974863900538917
ISR,g1.0,-340.9348335600963,-619.0363237576477,-391.5245325340386
ITA,g1.0,-694.3312705098265,-1195.3891872374957,-875.5921958683834
JOR,g1.0,-9.991842568410327,-18.525298984637608,-24.127795998395744
JPN,g1.0,-1757.8944669754212,-3168.2467517594537,-3010.4191548460835
KAZ,g1.0,-46.18811229829241,-84.62958366298406,-54.649733315125296
KHM,g1.0,-7.084745034049902,-11.924786941962898,-5.098990780230448
KOR,g1.0,-1140.5769123311209,-2030.2989767521249,-1801.4467260878303
KS,g1.0,-1204.936111626519,-2209.2286818401703,-1806.86089505551
KY,g1.0,-1977.56570830193,-3663.034919445759,-3230.5284148773653
LA,g1.0,-1946.1218033368095,-3566.783704844138,-2447.0636443797216
LAO,g1.0,-2.176201224218746,-3.729430964406847,-1.5758567754318538
LTU,g1.0,-26.061370314472736,-46.15424065964338,-18.863887588575235
LUX,g1.0,-139.70389709480102,-285.81175338849204,-470.5359294872167
LVA,g1.0,-10.113607403759074,-18.156842073916973,-16.696410255945693
MA,g1.0,-17036.990038709584,-32908.15232387246,-19555.08999083219
MAR,g1.0,-29.580879071948708,-53.80866673464488,-51.240261420367126
MD,g1.0,-5520.52576613178,-10511.69860671327,-8153.323966044007
ME,g1.0,-1423.8291861578698,-2628.952834019194,-1889.4903810114229
MEX,g1.0,-2090.908593531467,-3636.4982477460435,-2764.141658290893
MI,g1.0,-4729.446380543637,-8781.590532334918,-8507.81753382813
MLT,g1.0,-21.71123923064856,-44.395350573407,-54.17950692943032
MMR,g1.0,-11.646584852470586,-17.64796016346034,-14.728156211174916
MN,g1.0,-2904.929401214401,-5334.7781791096895,-4155.441179068219
MO,g1.0,-2109.217765216795,-3951.809718418491,-3475.7898080018713
MS,g1.0,-841.0538626543171,-1528.6731102617555,-1379.8344910237981
MT,g1.0,-378.7080424974157,-684.3720542408087,-455.66711391921984
MYS,g1.0,-308.09122379367165,-549.942217666022,-501.4959277402384
NC,g1.0,-6511.666195749311,-12155.026360428517,-9048.62823696724
ND,g1.0,-442.6587148409035,-786.38865786966,-706.3996985715465
NE,g1.0,-892.1226556016144,-1621.9458061347266,-1259.68696846411
NGA,g1.0,-149.1164359622851,-275.3595716903404,-109.88693130016908
NH,g1.0,-2879.7566210818604,-5422.988789109699,-3412.8777743394544
NJ,g1.0,-13510.922324492221,-25678.6779899018,-15660.305040661018
NLD,g1.0,-533.3231817167947,-991.0333091244951,-1369.9938163585039
NM,g1.0,-625.6438410354717,-1155.5039127512578,-947.4239354603229
NOR,g1.0,-236.62933197030534,-407.2022981605644,-246.41337886494173
NV,g1.0,-629.1370421801238,-1190.2428156384228,-1166.3378269724303
NY,g1.0,-526555.487567019,-963009.6035259838,-573256.4717140223
NZL,g1.0,-66.92280862852029,-112.66500173089177,-151.9295261108173
OH,g1.0,-7645.853915938483,-14366.670179875402,-10221.67712278554
OK,g1.0,-1523.4603824014903,-2771.477730547416,-1915.1498552774447
OR,g1.0,-893.2787050436749,-1651.6726556505369,-1520.272971712051
PA,g1.0,-14605.158456730614,-27650.14941692159,-17365.406110247677
PAK,g1.0,-46.76009414218528,-82.16618830183819,-58.895401308077716
PER,g1.0,-103.230943885271,-188.2679119058366,-239.2699162926472
PHL,g1.0,-214.4517796065029,-399.7042616823334,-197.6590210311401
POL,g1.0,-189.2290439256352,-341.11093124876305,-301.01436414947636
PRT,g1.0,-90.9332493207649,-161.78037619305212,-77.5438158350539
RI,g1.0,-1657.346171244569,-3109.669438940697,-1877.761289194005
ROU,g1.0,-60.74607911122934,-110.8400389989502,-171.51323362971837
ROW,g1.0,-1889.7887453090455,-3415.8226406104063,-2459.955493335456
RUS,g1.0,-678.1125417354256,-1242.7821614191605,-582.7394288998797
SAU,g1.0,-414.6510039675357,-767.5479600492864,-383.8807462594836
SC,g1.0,-2016.1572925886524,-3733.4531797827717,-3167.1902056268746
SD,g1.0,-475.0574962091206,-869.4511849522802,-657.4994025521764
SEN,g1.0,-2.499432987611104,-4.1973852413604416,-4.724969255457671
SGP,g1.0,-683.0564204787472,-1293.7222015016744,-1412.712403256131
STP,g1.0,-0.07658997164816629,-0.1590185259397266,-0.09507312694823263
SVK,g1.0,-39.94127955499347,-70.89957359924573,-57.58381851424135
SVN,g1.0,-16.300411705292696,-28.963027107581752,-25.195150646473884
SWE,g1.0,-241.73222705003283,-441.0040090368105,-489.79345373485967
THA,g1.0,-337.8949663252682,-565.8179590463601,-608.3676722303424
TN,g1.0,-2893.9457605305965,-5396.162448347654,-4826.526733055101
TUN,g1.0,-9.840907539484942,-17.865273468056227,-16.005229556939778
TUR,g1.0,-209.28439494670994,-367.56773412545425,-372.867637872037
TWN,g1.0,-641.7999528457174,-1120.029990335634,-769.8022623392459
TX,g1.0,-9343.251298221227,-17351.44377407637,-17002.141796884105
UKR,g1.0,-35.493182457311875,-66.80172615710941,-86.42387308591432
UT,g1.0,-1042.774849562297,-1964.7456654592345,-1636.193774952348
VA,g1.0,-7218.991695185894,-13569.198595019097,-9840.01062336013
VNM,g1.0,-342.82578740163734,-557.933847045068,-435.4878611195634
VT,g1.0,-998.6276429670872,-1834.8799550952094,-1358.746864505181
WA,g1.0,-2322.3243709207554,-4393.807549847421,-3831.211098668659
WI,g1.0,-2819.4743016821208,-5196.376000610641,-4059.5383694781503
WV,g1.0,-783.2288829855412,-1450.9181238482863,-1122.815902619271
WY,g1.0,-361.8115054605834,-663.2952241387343,-384.99373191687266
ZAF,g1.0,-136.08829659333267,-254.21490664148064,-200.00370196336968
AGO,g1.25,-110.36179743014982,-204.48325162649442,-44.94231527402753
AK,g1.25,-417.4406819706912,-763.7031648756199,-577.1246644498443
AL,g1.25,-1315.0401515682402,-2427.8092676904944,-2139.9145003169997
AR,g1.25,-719.5553950079313,-1301.4604656834952,-1197.151113331806
ARE,g1.25,-204.57915422774755,-393.2258532425323,-773.6294741704835
ARG,g1.25,-123.16606116393913,-226.00717910063014,-284.4250392717556
AUS,g1.25,-269.8306546995775,-480.87915247898184,-772.1242520017599
AUT,g1.25,-184.5673449918919,-330.8119776086447,-236.4096698479754
AZ,g1.25,-1374.3231677695649,-2588.727023870111,-2283.782966994326
BEL,g1.25,-526.2393830288215,-995.3356883079315,-768.2197623540922
BGD,g1.25,-19.971720290055593,-33.9977056081113,-50.7898605915693
BGR,g1.25,-21.01904179081692,-38.386569467811015,-27.987574202780888
BLR,g1.25,-17.457385205974294,-32.33290043194621,-16.828724367904
BRA,g1.25,-735.8934091495934,-1332.0782551439333,-1283.1199106222564
BRN,g1.25,-3.691502829860223,-6.702982686003056,-3.428059492463932
CA,g1.25,-11745.232939815121,-22964.883194826845,-16534.02039574371
CAN,g1.25,-4139.294908857546,-7541.585087020214,-4236.3146542772
CHE,g1.25,-829.961270745168,-1617.1838249583711,-1009.5057770321984
CHL,g1.25,-157.0967591600235,-262.96758693659075,-208.16199774133304
CHN,g1.25,-6715.99416065811,-11358.179316300117,-6357.768479250406
CIV,g1.25,-14.13458928418436,-21.376004754310316,-13.036683796044157
CMR,g1.25,-7.703956544577747,-13.910162854191025,-8.113609600853662
CO,g1.25,-1702.0681044892322,-3185.3680351532994,-2707.1931667666845
COD,g1.25,-8.023876612014115,-14.22742095297653,-40.189276947310226
COL,g1.25,-231.72459614180792,-421.7068327634563,-312.45687974513686
CRI,g1.25,-49.501793506742096,-81.01409250988075,-93.3037728833669
CT,g1.25,-14834.745559508128,-28899.28797798004,-15049.044550985602
CYP,g1.25,-11.75448298073064,-24.08563878777092,-32.83156346901697
CZE,g1.25,-99.90582329487971,-179.2260342658999,-165.54146080219178
DC,g1.25,-1837.5446927758128,-3601.1379387044076,-2572.0994975708436
DE,g1.25,-1733.6203991005052,-3476.5564935063317,-1684.630495039562
DEU,g1.25,-2118.2110985780014,-3925.6481686250318,-2988.0780008201596
DNK,g1.25,-212.49951817618282,-389.57226935610504,-207.45472901842757
EGY,g1.25,-32.75200994062507,-61.36070767662682,-86.54668681638171
ESP,g1.25,-468.92705190509383,-846.0815481721506,-559.2757317582251
EST,g1.25,-17.60167383875191,-32.765733570690585,-16.76673872798805
FIN,g1.25,-128.24555788057677,-235.29752886592084,-226.62467541141865
FL,g1.25,-5719.760773213641,-10797.073178632176,-10740.431212360818
FRA,g1.25,-939.0459973457841,-1668.1762535211997,-1611.3226968496153
GA,g1.25,-4217.956248195594,-8030.1122530833545,-6589.547870216492
GBR,g1.25,-2328.283766278165,-4639.710786956396,-2525.870148984197
GRC,g1.25,-107.39296721746315,-202.71298401826428,-114.79950635642687
HI,g1.25,-662.0894881914127,-1231.3455058408279,-1215.9552574098861
HKG,g1.25,-238.4491915752838,-484.04923306221576,-333.71737697344116
HRV,g1.25,-10.875569817500631,-19.61111816763902,-23.731461228328534
HUN,g1.25,-76.0425624499718,-137.5860806724467,-138.03929621161052
IA,g1.25,-1262.5314477225384,-2298.9788237495404,-1853.626597957716
ID,g1.25,-266.1524910761113,-470.0472953767513,-485.69199943077007
IDN,g1.25,-281.21238208571936,-466.4191500114362,-297.37136123945976
IL,g1.25,-5348.423473868326,-10082.413557165602,-8065.104407579459
IN,g1.25,-3262.92008123905,-5983.57760125145,-4907.894637386002
IND,g1.25,-1731.653054117224,-3201.4046485879417,-1086.4738667225088
IRL,g1.25,-673.2340181288212,-1259.3145555898086,-2907.5284753382703
ISL,g1.25,-22.25049291404479,-37.27776235830459,-24.974327251944477
ISR,g1.25,-341.4611883633719,-619.5054972321517,-392.48891505787014
ITA,g1.25,-695.4535998706444,-1196.3267963475714,-876.686206920512
JOR,g1.25,-10.005489465118636,-18.536223565283077,-24.015186274512867
JPN,g1.25,-1761.1390890802415,-3170.760516384224,-3012.586478392084
KAZ,g1.25,-46.274408974478995,-84.70588821107157,-54.82899508516197
KHM,g1.25,-7.096548293226673,-11.933865824992973,-5.097069447939041
KOR,g1.25,-1142.763352947451,-2032.109511313399,-1800.8790893431471
KS,g1.25,-1028.465443269841,-1875.2172134130856,-1596.4952170121016
KY,g1.25,-1791.5013417908258,-3309.2830240420835,-3004.8785263910004
LA,g1.25,-1749.0331779360022,-3194.627182699899,-2205.6660364763256
LAO,g1.25,-2.1797986906979534,-3.7324233116207015,-1.576063884463986
LTU,g1.25,-26.104386709229825,-46.19172426847779,-18.888031983114196
LUX,g1.25,-139.8324068156171,-285.8725467120829,-472.66134895796705
LVA,g1.25,-10.127929969974355,-18.168773284000583,-16.756096624000055
MA,g1.25,-20304.06028010041,-39145.74349585383,-22872.022644008626
MAR,g1.25,-29.63880483841598,-53.86150561677291,-51.0430740124176
MD,g1.25,-5494.690720026202,-10448.463937066395,-8126.66932466687
ME,g1.25,-1684.0303007772136,-3105.7465389775416,-2188.5734542549617
MEX,g1.25,-2094.9720474328938,-3639.585966886284,-2755.271109217406
MI,g1.25,-4621.809838202032,-8560.121899182695,-8450.95234461404
MLT,g1.25,-21.73096871196352,-44.40399992525246,-54.42871166329209
MMR,g1.25,-11.664519417427691,-17.65877546250919,-14.724965417177678
MN,g1.25,-2621.4999669983017,-4790.770514426474,-3903.487326053185
MO,g1.25,-1770.7028366615768,-3302.942337840331,-3083.519559235346
MS,g1.25,-718.8399120775532,-1302.3893373285152,-1228.3009388549392
MT,g1.25,-337.8404546609375,-607.5581171667225,-398.12420429562815
MYS,g1.25,-308.5810279483185,-550.3297421357923,-502.6057121143711
NC,g1.25,-6347.175450570646,-11826.084229170394,-8978.567027388963
ND,g1.25,-409.85787925518963,-722.9782323090736,-647.1180486485764
NE,g1.25,-761.1294815474463,-1369.5438436955258,-1111.214655623874
NGA,g1.25,-149.37249974550724,-275.58385362005816,-110.13928608061315
NH,g1.25,-3377.378919160505,-6350.805747604385,-3935.760699923794
NJ,g1.25,-15337.649462154777,-29108.634174372117,-17503.93614027615
NLD,g1.25,-534.2296597118773,-991.8341079108238,-1373.7817453817731
NM,g1.25,-529.7267340912905,-974.4487160879326,-818.2239142800652
NOR,g1.25,-237.04541634084342,-407.5469835252239,-246.7249480276793
NV,g1.25,-436.68333664783205,-829.048003882249,-821.369587389836
NY,g1.25,-528230.1668129362,-965465.4160008361,-575199.9891024063
NZL,g1.25,-67.02867126122844,-112.74039207181026,-152.38659960419648
OH,g1.25,-7338.7484545689695,-13763.769685090027,-10117.300393117104
OK,g1.25,-1354.5506650584618,-2454.5453285219073,-1703.1121333771348
OR,g1.25,-636.5835321945156,-1171.3333344885807,-1201.6860479412424
PA,g1.25,-15905.71318031399,-30088.775661007792,-18789.89282593316
PAK,g1.25,-46.8296136940413,-82.22564064432163,-58.83500836840357
PER,g1.25,-103.46215785009687,-188.4739497052961,-238.90976653998925
PHL,g1.25,-214.7837933968803,-399.97192766529116,-197.74236463638886
POL,g1.25,-189.52567368672894,-341.3562427207954,-301.46619436345316
PRT,g1.25,-91.07324691788415,-161.90116107380516,-77.59488536678242
RI,g1.25,-1850.9578129193862,-3476.0303258166186,-2072.5036294749675
ROU,g1.25,-60.843073366231806,-110.92088191086108,-172.24216598776093
ROW,g1.25,-1893.1696049447921,-3418.67920405355,-2461.2007823646804
RUS,g1.25,-679.3815244634103,-1243.9197236386299,-583.5241918072444
SAU,g1.25,-415.37542810560484,-768.1920502414761,-384.6141147137968
SC,g1.25,-1846.6963712210504,-3412.5607423326887,-2976.5963535305145
SD,g1.25,-410.5921966611787,-742.297056103755,-596.620889480116
SEN,g1.25,-2.5032267841365092,-4.200141123302094,-4.732427580919843
SGP,g1.25,-684.1131379009354,-1294.625215414939,-1416.3491463709365
STP,g1.25,-0.07665372254037191,-0.1590436470469995,-0.09504486248538752
SVK,g1.25,-40.01648749127476,-70.95562261656988,-57.61652458151358
SVN,g1.25,-16.32712837868162,-28.985920004930158,-25.21992415346596
SWE,g1.25,-242.16594415102355,-441.38695371988564,-491.7815497537815
THA,g1.25,-338.44407684808505,-566.2403564397631,-609.8335416527151
TN,g1.25,-2558.2301303577447,-4758.147011339248,-4436.915339523133
TUN,g1.25,-9.856769319497324,-17.877906157752722,-16.008544279125427
TUR,g1.25,-209.65435485471448,-367.8700201802572,-372.7137904824205
TWN,g1.25,-642.9135369434966,-1120.9454050424338,-770.1957436593545
TX,g1.25,-8445.050247475281,-15618.694508669796,-15987.312081743727
UKR,g1.25,-35.56114776076106,-66.86009608532842,-85.83527303865708
UT,g1.25,-826.9501517036679,-1551.0563963814018,-1404.2050625500742
VA,g1.25,-7257.947500382876,-13623.669047751331,-9904.716976764072
VNM,g1.25,-343.37407201565924,-558.3322736914133,-435.3218733029431
VT,g1.25,-1226.6212109680826,-2248.4181069709343,-1628.6149665394678
WA,g1.25,-1815.1973445752806,-3424.803304882344,-3176.617198774615
WI,g1.25,-2520.365647212256,-4622.972953199354,-3773.6660325478097
WV,g1.25,-757.5216255223868,-1400.8441097148586,-1089.8337898522125
WY,g1.25,-326.13840585934435,-596.8571394159571,-325.09027855583156
ZAF,g1.25,-136.37408521538208,-254.47540123694083,-200.18179840533242
AGO,g1.5,-110.60450816626903,-204.7523451867499,-45.13477243325108
AK,g1.5,-380.5980924297457,-695.2387539156923,-536.153346542328
AL,g1.5,-1086.626151545752,-1999.60393006037,-1863.9854734538605
AR,g1.5,-605.9574671485531,-1091.5703422845372,-1069.9775570117454
ARE,g1.5,-204.927406668392,-393.54590032035804,-775.849492358362
ARG,g1.5,-123.44470923102648,-226.27362908633006,-284.8658015638702
AUS,g1.5,-270.3472377394172,-481.3601973497715,-773.5771014867864
AUT,g1.5,-184.90437071279206,-331.12210890445505,-236.89999479607567
AZ,g1.5,-1094.0968571047545,-2052.909635155304,-1977.6528802874504
BEL,g1.5,-527.1090524781914,-996.1410338610101,-770.818307925424
BGD,g1.5,-20.004437113758097,-34.02630806753535,-50.711339093855344
BGR,g1.5,-21.05572965901186,-38.41831102464704,-28.015218888327865
BLR,g1.5,-17.490218821085257,-32.36426204290493,-16.826309717745293
BRA,g1.5,-737.3646459562478,-1333.506945648573,-1284.271018102466
BRN,g1.5,-3.6978786236790726,-6.708686780929383,-3.428195788204254
CA,g1.5,-10001.068177356268,-19560.861842732975,-14742.123274881364
CAN,g1.5,-4147.911604037961,-7550.140187771403,-4228.173471726116
CHE,g1.5,-831.0217484911432,-1617.9976590206038,-1012.596883212702
CHL,g1.5,-157.43543862752242,-263.25361363475633,-207.85430247973886
CHN,g1.5,-6726.974818959648,-11367.883158681174,-6344.084366270673
CIV,g1.5,-14.176316343083595,-21.402391220348992,-13.034299081192435
CMR,g1.5,-7.715856279979284,-13.920272819416043,-8.126214673118252
CO,g1.5,-1423.5181000044659,-2651.5023850421867,-2407.1800747229436
COD,g1.5,-8.041718983493636,-14.244781680996992,-40.13538129642747
COL,g1.5,-232.23379155230316,-422.2264777913028,-312.12215553515745
CRI,g1.5,-49.592018932879505,-81.08201442136351,-93.16727402675801
CT,g1.5,-17199.613588140386,-33420.51324060182,-17174.382271681265
CYP,g1.5,-11.766924910781013,-24.093129890668767,-32.96727063916073
CZE,g1.5,-100.07900295843322,-179.37539093267452,-165.72289328211167
DC,g1.5,-1699.0256884885218,-3322.8995710373315,-2400.3582254910602
DE,g1.5,-1765.846306408805,-3538.440368610353,-1699.746604030422
DEU,g1.5,-2122.016904256904,-3929.029517098157,-2994.058858522414
DNK,g1.5,-212.94442416730445,-390.0410683693455,-207.8368206278765
EGY,g1.5,-32.81779912101542,-61.42499585754296,-86.78340907485058
ESP,g1.5,-469.74028497935734,-846.8131183381856,-559.6653820062319
EST,g1.5,-17.630091813351303,-32.79140336643865,-16.80088168864783
FIN,g1.5,-128.50777808996034,-235.557180958669,-227.32893755957974
FL,g1.5,-5006.750974550844,-9427.839364249074,-10017.310207037135
FRA,g1.5,-940.6614182791913,-1669.6368388487022,-1614.3291452156138
GA,g1.5,-3597.4822381385156,-6825.798004016158,-6024.089408059344
GBR,g1.5,-2331.01938163011,-4641.618135598252,-2533.255432018063
GRC,g1.5,-107.63573129769375,-202.97353600787824,-115.2192544854132
HI,g1.5,-588.3839689527962,-1093.140440945297,-1125.5774581472158
HKG,g1.5,-238.68561455198844,-484.19565240072086,-334.5680037591145
HRV,g1.5,-10.893371008479223,-19.627629180253653,-23.809216606687894
HUN,g1.5,-76.18258840318376,-137.70926800495903,-138.2768416918376
IA,g1.5,-1069.1414903476777,-1923.9779625134076,-1635.6415702347435
ID,g1.5,-210.5149109368912,-368.1423828829521,-403.2680498402877
IDN,g1.5,-281.71050430371037,-466.85233889413826,-297.36391069276016
IL,g1.5,-4580.203610976914,-8589.892789880058,-7362.082333252719
IN,g1.5,-2932.315176798148,-5354.476277660635,-4507.076319656782
IND,g1.5,-1734.1106588499995,-3203.4922280258556,-1084.507370277997
IRL,g1.5,-674.1946418213029,-1260.1779450249421,-2916.4015153079513
ISL,g1.5,-22.285184527233476,-37.304111266663035,-24.980745637560766
ISR,g1.5,-342.011050444504,-620.0159846923145,-393.44582950099954
ITA,g1.5,-696.6713439420406,-1197.426933611978,-877.7473808683693
JOR,g1.5,-10.019658223101418,-18.548243271432707,-23.91975551294267
JPN,g1.5,-1764.5741564278624,-3173.627255007206,-3015.010030216011
KAZ,g1.5,-46.37064966046496,-84.79974065875217,-54.99607579314139
KHM,g1.5,-7.10900910688181,-11.94424740695585,-5.0955629815038765
KOR,g1.5,-1145.0990965145795,-2034.1788739676374,-1800.591959211612
KS,g1.5,-869.4343302063301,-1574.6634949912454,-1403.558271822948
KY,g1.5,-1601.9562786904428,-2949.9111339440406,-2772.104858539514
LA,g1.5,-1571.4394913120727,-2859.69452885991,-1983.9767292154363
LAO,g1.5,-2.18366910120933,-3.735880522831512,-1.5759521334677762
LTU,g1.5,-26.15032323246448,-46.234407519612226,-18.912714394665432
LUX,g1.5,-139.96745163162586,-285.9481269590607,-474.6935369433068
LVA,g1.5,-10.143096602086263,-18.182231203372442,-16.813498461127868
MA,g1.5,-23376.913322383178,-44997.55884613794,-25973.622542939782
MAR,g1.5,-29.699878463934382,-53.92026966958276,-50.870848554866065
MD,g1.5,-5339.341856620541,-10138.915179592332,-7924.042860700929
ME,g1.5,-1942.749280681451,-3580.0679234576332,-2484.4102118517976
MEX,g1.5,-2099.4222106439065,-3643.3721485812657,-2746.71986728015
MI,g1.5,-4470.432340887597,-8254.696997103434,-8340.521626542539
MLT,g1.5,-21.75108346974931,-44.41393295427284,-54.66568399010427
MMR,g1.5,-11.682984550312728,-17.670918647995748,-14.725472499851975
MN,g1.5,-2343.3108077035777,-4256.335097076238,-3653.727403295911
MO,g1.5,-1462.7104607020983,-2714.369609817263,-2713.728453025146
MS,g1.5,-607.2410704225845,-1096.0932668819064,-1089.0251828089663
MT,g1.5,-304.28237388023786,-544.438465247237,-350.397881488443
MYS,g1.5,-309.1001697986863,-550.7648360835241,-503.74930653428385
NC,g1.5,-6113.758648296622,-11367.769677801178,-8823.282704385927
ND,g1.5,-380.2731813506935,-665.2491812589993,-590.7615819963895
NE,g1.5,-644.878307749903,-1145.9551202843993,-973.5625019508545
NGA,g1.5,-149.69561193360644,-275.93206022487624,-110.38711067899753
NH,g1.5,-3801.4456624991767,-7140.796716892226,-4387.41539572947
NJ,g1.5,-17036.82803659634,-32290.809267207795,-19193.175361312067
NLD,g1.5,-535.1792833029252,-992.7165896548172,-1377.4151516888699
NM,g1.5,-448.9140353343372,-822.0521618111001,-710.0764173793775
NOR,g1.5,-237.4948400188276,-407.9569069118524,-247.0643043080068
NV,g1.5,-323.1048506717203,-615.8815593398784,-610.2562877114286
NY,g1.5,-530042.9661279677,-968202.4806301018,-577293.0182967647
NZL,g1.5,-67.13816681998519,-112.82393907499451,-152.82179946550465
OH,g1.5,-6954.697230236758,-13015.859117212318,-9949.04978126939
OK,g1.5,-1208.0135926670266,-2179.629039003034,-1516.2668412949156
OR,g1.5,-453.1053411301048,-829.5381225853905,-954.2216454503638
PA,g1.5,-17026.748711068325,-32191.60331790385,-20023.364142051592
PAK,g1.5,-46.90275760661937,-82.29188040072442,-58.783788107430645
PER,g1.5,-103.72851364456719,-188.74366717707483,-238.6150385578056
PHL,g1.5,-215.1246781616089,-400.2585987867025,-197.87071746913372
POL,g1.5,-189.83923125540605,-341.6326745965032,-301.91586247835147
PRT,g1.5,-91.2226552346289,-162.03883210612955,-77.6543956730419
RI,g1.5,-1986.364228392165,-3735.9837330205874,-2213.7577150842767
ROU,g1.5,-60.945331220838604,-111.0115068645858,-172.93648637874912
ROW,g1.5,-1897.1006810690883,-3422.5575262479015,-2462.6208887607927
RUS,g1.5,-680.8025403105942,-1245.327420538542,-584.3977813349295
SAU,g1.5,-416.3004966868173,-769.205125905982,-385.35937704721084
SC,g1.5,-1667.5839317449677,-3074.002049550502,-2769.3973510278843
SD,g1.5,-352.760695838033,-627.7325290658613,-541.3689461798525
SEN,g1.5,-2.507230880360765,-4.2033330272029,-4.740247015661595
SGP,g1.5,-685.2229665628628,-1295.6246137228036,-1420.0981055655038
STP,g1.5,-0.07671820363138368,-0.15907257980982767,-0.09505084227348364
SVK,g1.5,-40.09555871552145,-71.01912037622938,-57.650210565326745
SVN,g1.5,-16.356221999556794,-29.01286428340413,-25.24564410147997
SWE,g1.5,-242.62950290429106,-441.82386363300003,-493.6636347624488
THA,g1.5,-339.0275787599689,-566.719578975894,-611.2753267019615
TN,g1.5,-2238.0542994788134,-4150.671692999187,-4063.828956782244
TUN,g1.5,-9.874497513942176,-17.894045955608654,-16.012964886948293
TUR,g1.5,-210.06472106148362,-368.2443297698949,-372.60222792058
TWN,g1.5,-644.1073510796593,-1121.9944218115045,-770.726033276946
TX,g1.5,-7644.897261210413,-14076.557649691442,-15145.911953161294
UKR,g1.5,-35.6368827404206,-66.93249718415383,-85.32127561895437
UT,g1.5,-656.7778516064919,-1225.9286866138468,-1214.4568717214358
VA,g1.5,-7204.098125739484,-13502.11642806129,-9834.785246206395
VNM,g1.5,-343.9610604231023,-558.7979654194489,-435.3208563964841
VT,g1.5,-1449.4955504595061,-2651.5273424372035,-1892.7698941191602
WA,g1.5,-1410.370913388327,-2652.9728511779663,-2644.342964494616
WI,g1.5,-2219.5883553777257,-4047.8374770581227,-3478.9098577007553
WV,g1.5,-723.3704716933904,-1335.1443182150667,-1047.5106609911893
WY,g1.5,-294.84083943609426,-538.9032388949712,-270.3465915215236
ZAF,g1.5,-136.6998109268324,-254.80591885096518,-200.35988635608035
AGO,g2.0,-111.19283021365827,-205.51675297872777,-45.4593968853125
AK,g2.0,-324.21618897926766,-590.5268031088808,-487.0492327676144
AL,g2.0,-721.2821411658281,-1317.456214771117,-1411.3571770563026
AR,g2.0,-429.50645045875507,-766.3075754739182,-871.1029995286696
ARE,g2.0,-205.6422643452619,-394.2868800593926,-779.9123055885836
ARG,g2.0,-123.99443649041746,-226.8501804884808,-285.74626870960395
AUS,g2.0,-271.37447196245864,-482.4144014784651,-776.246984375543
AUT,g2.0,-185.56484614378425,-331.78076190805683,-237.76522962570112
AZ,g2.0,-724.3638511249188,-1349.7794582229417,-1565.232397960291
BEL,g2.0,-528.7596554750224,-997.7573349307338,-775.2894900838426
BGD,g2.0,-20.066169258780718,-34.08398187696367,-50.61613495344189
BGR,g2.0,-21.126897601016296,-38.48585420431778,-28.07697669687771
BLR,g2.0,-17.55394627598173,-32.42958651428723,-16.83383561829449
BRA,g2.0,-740.361303186395,-1336.7477630098676,-1287.0800309607307
BRN,g2.0,-3.7104961700624326,-6.721139286104158,-3.4293263652183326
CA,g2.0,-7647.303175351802,-14958.177074797637,-12443.263996168029
CAN,g2.0,-4166.234940568447,-7570.880732199153,-4213.754473263466
CHE,g2.0,-833.1101221289878,-1619.7940875358393,-1018.1221081362381
CHL,g2.0,-158.0893431020211,-263.87127380493513,-207.4947058389199
CHN,g2.0,-6748.35351825915,-11388.039001403753,-6324.581781590798
CIV,g2.0,-14.25035123276406,-21.454204190755217,-13.03921038435496
CMR,g2.0,-7.738701616689328,-13.941422724018377,-8.150499667591419
CO,g2.0,-1024.6551724459905,-1889.4398322814657,-1982.137642456257
COD,g2.0,-8.078202489762525,-14.284170564762254,-40.00470634211634
COL,g2.0,-233.36027650052154,-423.561851777829,-311.7525354233694
CRI,g2.0,-49.75808962826355,-81.21737954743668,-92.96080662494231
CT,g2.0,-21087.994498239186,-40805.18154098018,-20666.87639620411
CYP,g2.0,-11.79081715436045,-24.11012827216981,-33.20328108791545
CZE,g2.0,-100.41245193239547,-179.68710477081166,-166.05942978273777
DC,g2.0,-1381.7309461332825,-2690.530664835346,-1971.4136519716842
DE,g2.0,-1772.841681016406,-3550.4618759367095,-1662.7513606260327
DEU,g2.0,-2129.337254395452,-3936.0541333587407,-3004.8826192700208
DNK,g2.0,-213.8065572371052,-390.9979902921235,-208.5949591233423
EGY,g2.0,-32.947047284221064,-61.56173822093217,-87.18677545015485
ESP,g2.0,-471.2999661172162,-848.3222218433921,-560.5951653447177
EST,g2.0,-17.684373597671218,-32.843654873173385,-16.862563060049936
FIN,g2.0,-129.01512546086943,-236.0937550179148,-228.5645161312273
FL,g2.0,-3738.4201139385455,-7004.432108288666,-8715.20318423006
FRA,g2.0,-943.7724246229615,-1672.6669514221192,-1620.3299039433973
GA,g2.0,-2530.4867613985753,-4763.5081469104025,-5007.14617563483
GBR,g2.0,-2336.2388438536063,-4645.705733450371,-2546.281091128188
GRC,g2.0,-108.1051141504878,-203.50728011846195,-115.95317684173556
HI,g2.0,-478.9686417127531,-887.7053530674903,-1010.975628830161
HKG,g2.0,-239.13088937862398,-484.5097508334299,-336.0711805683384
HRV,g2.0,-10.927263456825054,-19.660827481673465,-23.943957374616133
HUN,g2.0,-76.44662430853391,-137.95642718512153,-138.71303011742273
IA,g2.0,-763.0081663099368,-1334.173874965217,-1270.1902876816255
ID,g2.0,-143.23426190817636,-245.51765822764264,-295.5179192231444
IDN,g2.0,-282.7003071316862,-467.81565312352046,-297.46753094287607
IL,g2.0,-3298.7607437478523,-6113.463453762181,-6132.76669307943
IN,g2.0,-2336.940277944017,-4224.796233302355,-3764.6082710183355
IND,g2.0,-1738.753549239704,-3207.6911412063087,-1081.8234066067212
IRL,g2.0,-676.0742138355473,-1261.9871149400253,-2931.9594950478795
ISL,g2.0,-22.348496366406284,-37.35626446774043,-25.009896732234996
ISR,g2.0,-343.05529666779296,-621.0340154166884,-395.2014406761286
ITA,g2.0,-699.0548101325189,-1199.7666128096155,-879.688202509374
JOR,g2.0,-10.046435809731475,-18.572569274874866,-23.791003387173266
JPN,g2.0,-1771.1118715979921,-3179.571841537086,-3020.2478335983183
KAZ,g2.0,-46.563655534125004,-85.00582589034474,-55.27624902109976
KHM,g2.0,-7.132682757795244,-11.965706694477948,-5.094235755796294
KOR,g2.0,-1149.5902681215453,-2038.4620948622387,-1800.8720737362241
KS,g2.0,-620.9820783126723,-1106.45004165735,-1089.6137571457825
KY,g2.0,-1254.0652838596616,-2292.905148879301,-2336.093429622457
LA,g2.0,-1295.7059568220911,-2341.0723950497536,-1631.1322532981449
LAO,g2.0,-2.19117780267922,-3.743113911487386,-1.5750847610285845
LTU,g2.0,-26.239042944816656,-46.3228538998964,-18.9613982168008
LUX,g2.0,-140.22986030704297,-286.12663809834635,-478.19827237637094
LVA,g2.0,-10.172189633362915,-18.209938665136367,-16.913774642695913
MA,g2.0,-28429.25610595758,-54588.147204539724,-31097.810617778057
MAR,g2.0,-29.81631231659026,-54.039347585484336,-50.624384199930105
MD,g2.0,-4805.999513848619,-9102.098828385082,-7184.611201224153
ME,g2.0,-2407.5248440402593,-4433.791799780074,-3021.204687630689
MEX,g2.0,-2108.2037958038068,-3651.75795425779,-2732.5299080456757
MI,g2.0,-4107.301942881951,-7526.976405243674,-8034.49014519587
MLT,g2.0,-21.789037805744748,-44.43635163361392,-55.07177965911826
MMR,g2.0,-11.716694022105873,-17.695481028036703,-14.73630875501005
MN,g2.0,-1860.5414594921876,-3326.052209687386,-3209.1575990854867
MO,g2.0,-977.379095075775,-1791.1280442940854,-2087.055131571897
MS,g2.0,-430.38978034004367,-770.4007077679428,-866.4001684785409
MT,g2.0,-260.1613154638552,-461.11890483201915,-286.47871650261953
MYS,g2.0,-310.0972925541781,-551.6564224172329,-505.92937415080326
NC,g2.0,-5531.226541558885,-10236.144677110215,-8307.259408888998
ND,g2.0,-335.72074678004964,-576.1969669336737,-493.1354411724272
NE,g2.0,-470.00943534536117,-810.8451183974428,-746.2858542014659
NGA,g2.0,-150.45888680201057,-276.8965259518306,-110.83551492706208
NH,g2.0,-4394.290111723191,-8245.69022269107,-5048.281294253273
NJ,g2.0,-19888.56394819746,-37615.36414693042,-21960.42417969759
NLD,g2.0,-536.9871637290996,-994.5005645843684,-1383.8011727605608
NM,g2.0,-334.5378926464959,-606.7717464007658,-559.823460215165
NOR,g2.0,-238.37576963949616,-408.8486303691116,-247.77436240187174
NV,g2.0,-215.19727337276043,-412.35650102635265,-418.6997370495639
NY,g2.0,-533556.1014907764,-973621.2900182734,-581332.5858293262
NZL,g2.0,-67.34077486349554,-112.99140547915337,-153.57503526498397
OH,g2.0,-6089.238202231036,-11340.557280824316,-9509.030338667113
OK,g2.0,-993.9141102888368,-1778.2209905443551,-1234.5040081627837
OR,g2.0,-252.469990128436,-458.1724783398608,-642.6589265321904
PA,g2.0,-18732.466689004475,-35405.03845390514,-21892.559637493814
PAK,g2.0,-47.04235390118805,-82.42647306117428,-58.71595956214085
PER,g2.0,-104.2734412364409,-189.35667846040155,-238.26889086897896
PHL,g2.0,-215.75913510723626,-400.8211840340619,-198.21316453723557
POL,g2.0,-190.43938964989886,-342.20136301917046,-302.75614304293396
PRT,g2.0,-91.51108989555676,-162.32388983134672,-77.78961108571157
RI,g2.0,-2102.6158324356,-3971.0851662651926,-2357.032060719415
ROU,g2.0,-61.140651664015316,-111.19690584047808,-174.12922532507434
ROW,g2.0,-1905.5551937860075,-3432.1677914998118,-2465.9067684923025
RUS,g2.0,-683.6654820101248,-1248.4341493141164,-586.26055032317
SAU,g2.0,-418.5081875734666,-772.0325074634825,-386.7786477860852
SC,g2.0,-1328.1761563866226,-2433.885940185316,-2355.7386310258876
SD,g2.0,-265.524650815441,-453.0735896860772,-452.7972276203527
SEN,g2.0,-2.514809798009232,-4.210022249208592,-4.755899925800012
SGP,g2.0,-687.3502307768167,-1297.6660787570918,-1427.2522386158037
STP,g2.0,-0.07683952882692423,-0.15913943342666878,-0.09515120561741738
SVK,g2.0,-40.24436153502808,-71.14984918660869,-57.71705713533838
SVN,g2.0,-16.41342793743505,-29.070213590142398,-25.297828131867448
SWE,g2.0,-243.52472100290927,-442.7290812101499,-496.88166929906964
THA,g2.0,-340.14379526835984,-567.7044000322476,-613.8818349764354
TN,g2.0,-1694.6705571127927,-3122.72270092249,-3427.9754954162227
TUN,g2.0,-9.911086371095475,-17.93217528447395,-16.025210597599873
TUR,g2.0,-210.88053761623638,-369.0686728713158,-372.5236424502863
TWN,g2.0,-646.4168481010049,-1124.171067442943,-772.0473199671708
TX,g2.0,-6430.045075349936,-11736.237231871379,-14069.854296339785
UKR,g2.0,-35.78861217728259,-67.09233949369802,-84.57083978135353
UT,g2.0,-443.6586545442993,-821.0939296724068,-956.9409976465469
VA,g2.0,-6902.034051431932,-12891.220290095604,-9362.984602255638
VNM,g2.0,-345.088176097956,-559.7773217852168,-435.6949552912935
VT,g2.0,-1833.8749437125784,-3344.076964039291,-2357.256554007962
WA,g2.0,-896.256802822001,-1674.7169195826164,-1942.1823562701486
WI,g2.0,-1685.322086998996,-3029.282851031297,-2931.6775460474746
WV,g2.0,-641.1560691173829,-1178.5267773632731,-947.572951918268
WY,g2.0,-250.73604479784834,-458.30901531632026,-184.66198111625295
ZAF,g2.0,-137.36330103164332,-255.54499550793724,-200.70791108976297
AGO,g2.5,-111.82927295812094,-206.44369559015857,-45.69425723989388
AK,g2.5,-290.85390783715036,-528.7565219942925,-481.0681025631292
AL,g2.5,-483.2976500774705,-875.9072687904224,-1104.1837077463854
AR,g2.5,-317.28740566352195,-560.5350563938163,-745.4028185452539
ARE,g2.5,-206.25488219397567,-394.9860466877151,-783.1574569106839
ARG,g2.5,-124.4446468799816,-227.36014688403702,-286.54977067288354
AUS,g2.5,-272.2191125401,-483.3526256051449,-778.4076265669598
AUT,g2.5,-186.10643588867862,-332.36179392398765,-238.4410671652643
AZ,g2.5,-543.0363951624817,-1007.7140016522166,-1359.4430090541885
BEL,g2.5,-530.0929932176169,-999.1384487735725,-778.6188799798791
BGD,g2.5,-20.11544309457706,-34.13298179914223,-50.58596159844724
BGR,g2.5,-21.184783764723093,-38.545652221547385,-28.14063117938701
BLR,g2.5,-17.60632043376218,-32.48701059819851,-16.85612795715319
BRA,g2.5,-742.9514096032972,-1339.8315313703924,-1290.0988320462984
BRN,g2.5,-3.721166858613906,-6.7327513788356494,-3.4312854000022965
CA,g2.5,-6413.330087189781,-12528.479714305371,-11474.44875989756
CAN,g2.5,-4182.983063942274,-7592.0854039619135,-4203.8575371891075
CHE,g2.5,-834.8637722885532,-1621.4772813911395,-1022.4035372654065
CHL,g2.5,-158.6080990121866,-264.4103593261481,-207.46039497643937
CHN,g2.5,-6765.865004227588,-11405.583569443745,-6314.606714788954
CIV,g2.5,-14.304266699161866,-21.496659075106827,-13.053639447687628
CMR,g2.5,-7.7572996715708245,-13.96020614513257,-8.171852687622955
CO,g2.5,-799.2465389000209,-1460.6075544351686,-1759.257413121029
COD,g2.5,-8.108860927514925,-14.320050833121098,-39.886018795363235
COL,g2.5,-234.4617038821222,-425.04046550950784,-311.7504906426625
CRI,g2.5,-49.885505208024504,-81.33052399878802,-92.8526157613036
CT,g2.5,-23856.827318075426,-46024.32095406566,-23171.63819072833
CYP,g2.5,-11.810464532890615,-24.126560201740645,-33.38079807024709
CZE,g2.5,-100.68221178349991,-179.96021656984587,-166.34034173037742
DC,g2.5,-1097.1429225418394,-2126.856277635635,-1556.235715394796
DE,g2.5,-1746.5122126663687,-3501.1542244666416,-1578.8578259660949
DEU,g2.5,-2135.2738835088826,-3942.2046625187613,-3013.508215456367
DNK,g2.5,-214.52189811823848,-391.8369750360191,-209.25733425962514
EGY,g2.5,-33.05515158681274,-61.68510224011503,-87.48604422563314
ESP,g2.5,-472.5617911154128,-849.6342514572951,-561.5895699018372
EST,g2.5,-17.728446929481287,-32.88886309785194,-16.911694769935746
FIN,g2.5,-129.4266638506707,-236.55574797079365,-229.50189771465352
FL,g2.5,-2798.560593907444,-5221.226094687967,-7728.070085851128
FRA,g2.5,-946.308778971015,-1675.3299291779629,-1625.6236137612495
GA,g2.5,-1771.1877422774835,-3304.4229936839774,-4227.98765842552
GBR,g2.5,-2340.4927399511143,-4649.457766364862,-2556.371010958476
GRC,g2.5,-108.49243568383324,-203.97491548823024,-116.52017097736393
HI,g2.5,-422.1294119395132,-780.5592443673031,-986.5746582264363
HKG,g2.5,-239.4902730146642,-484.80017691760384,-337.23061301543373
HRV,g2.5,-10.954659082254762,-19.689197688040835,-24.045637615757773
HUN,g2.5,-76.65659496135845,-138.16680299195818,-139.06462077302288
IA,g2.5,-568.103380486253,-962.523844470169,-1010.3567506982915
ID,g2.5,-113.02179542918516,-190.8760935925429,-239.73742440793532
IDN,g2.5,-283.54016784377546,-468.72907651694277,-297.67473170768426
IL,g2.5,-2411.255277602666,-4409.452804834258,-5213.361776447029
IN,g2.5,-1886.2207709065308,-3372.947798926121,-3178.1413029312494
IND,g2.5,-1742.4735380670406,-3211.2758921322898,-1080.5759917044272
IRL,g2.5,-677.6440369287071,-1263.6058282482418,-2943.7919351433884
ISL,g2.5,-22.39678460712931,-37.39986392199174,-25.04972852593083
ISR,g2.5,-343.8992304570509,-621.8993238531701,-396.63059006955564
ITA,g2.5,-701.0118154886115,-1201.8476636920093,-881.3249461050665
JOR,g2.5,-10.067990299959135,-18.593553574888126,-23.73966076437974
JPN,g2.5,-1776.3128711966372,-3184.7439377004675,-3025.3068127917318
KAZ,g2.5,-46.724656768056384,-85.19132950972222,-55.478103991548466
KHM,g2.5,-7.151609354652498,-11.984322372270906,-5.094885517651114
KOR,g2.5,-1153.206034417558,-2042.1702689539584,-1801.9741350579404
KS,g2.5,-461.18314807534136,-806.9590222717356,-869.4677391815999
KY,g2.5,-981.5254076262836,-1780.913545095285,-1983.112689082952
LA,g2.5,-1122.4449590776455,-2016.9897022783732,-1405.298276996533
LAO,g2.5,-2.1973000927391673,-3.749451752649815,-1.5739015831656322
LTU,g2.5,-26.31163012556331,-46.40056267907704,-19.006374568583933
LUX,g2.5,-140.44675032251018,-286.30188166120865,-480.80622362166343
LVA,g2.5,-10.195778381295984,-18.234044097935893,-16.989982486401875
MA,g2.5,-31866.29678105671,-61086.887500745695,-34647.82718585159
MAR,g2.5,-29.910381577691922,-54.141775906513594,-50.50344789184875
MD,g2.5,-4205.315439137192,-7948.314873394315,-6301.181706951531
ME,g2.5,-2759.700391563377,-5083.014515319607,-3445.01522524101
MEX,g2.5,-2115.493971071768,-3659.544380793636,-2723.496267995334
MI,g2.5,-3766.9422679252702,-6839.925197354171,-7732.260646691852
MLT,g2.5,-21.819730912742077,-44.45808424113807,-55.371573507078175
MMR,g2.5,-11.742204960212709,-17.71634626799786,-14.7545072724765
MN,g2.5,-1516.4521370300072,-2656.9603003827956,-2876.4245202589345
MO,g2.5,-664.2065309619805,-1199.3983415445819,-1622.2186128649778
MS,g2.5,-315.4711218886365,-560.3983095690526,-721.1453476260526
MT,g2.5,-239.64169791638855,-421.63921125468784,-256.9230592504651
MYS,g2.5,-310.90684924702936,-552.4279332383288,-507.74356737425035
NC,g2.5,-4925.310018724983,-9063.798186671707,-7627.488950541423
ND,g2.5,-311.56250672429076,-524.2361173632277,-418.97720516147444
NE,g2.5,-366.4815786786842,-613.74361245512,-583.7646198097048
NGA,g2.5,-151.26420694160137,-278.0433229019345,-111.19211726515137
NH,g2.5,-4711.265501218938,-8839.219931582727,-5440.565380785398
NJ,g2.5,-21927.83552406633,-41412.36330276165,-23875.227222430054
NLD,g2.5,-538.4533086789733,-996.041463434118,-1388.770181149792
NM,g2.5,-269.1767003894435,-484.25261339037706,-479.40508709799406
NOR,g2.5,-239.11318387825003,-409.67851758952054,-248.45144592002472
NV,g2.5,-171.48036808299608,-328.9076677417645,-359.656307721534
NY,g2.5,-536412.9822401347,-978094.9547785538,-584609.3472968944
NZL,g2.5,-67.49764892734953,-113.13261010071558,-154.140626161023
OH,g2.5,-5273.625555116907,-9766.65823299472,-9062.245401929951
OK,g2.5,-872.760688258396,-1551.5426660788378,-1065.8059435267792
OR,g2.5,-169.24898673341082,-305.50891183963773,-483.946792637934
PA,g2.5,-19832.273391718365,-37506.02394805385,-23066.115416591045
PAK,g2.5,-47.15530749288324,-82.54207589791197,-58.68805821722892
PER,g2.5,-104.72594767640973,-189.90620989747066,-238.22303423382039
PHL,g2.5,-216.26044347625785,-401.2918652108184,-198.57800538028374
POL,g2.5,-190.9241466883717,-342.6948450330494,-303.46140549850537
PRT,g2.5,-91.74589718888721,-162.57198326585257,-77.9281917908296
RI,g2.5,-2086.8169799610914,-3959.12027473587,-2378.31716678884
ROU,g2.5,-61.29832079800886,-111.35710718665206,-175.01589842463846
ROW,g2.5,-1913.5512092149252,-3442.4603692089763,-2469.4841775109207
RUS,g2.5,-686.064884887336,-1251.2402902355448,-588.0196251230244
SAU,g2.5,-420.8557584000461,-775.4075751370684,-387.99935776282024
SC,g2.5,-1058.565350127604,-1926.535285893446,-1995.3959442196963
SD,g2.5,-216.15741493159447,-351.0032433801679,-391.254142200764
SEN,g2.5,-2.5207882797994263,-4.215847002011055,-4.770291305896095
SGP,g2.5,-689.0913489076232,-1299.4524386320466,-1433.1893106358484
STP,g2.5,-0.07693785434355964,-0.15920606941612248,-0.0953256349325858
SVK,g2.5,-40.36080612038337,-71.262745860244,-57.77847741780901
SVN,g2.5,-16.460531653495963,-29.120954783962276,-25.34748046684636
SWE,g2.5,-244.251847125352,-443.51582956165737,-499.2498636927286
THA,g2.5,-341.040460746111,-568.5540017739476,-615.9547041150687
TN,g2.5,-1303.5024090207678,-2386.1276541707725,-2969.2075125372435
TUN,g2.5,-9.944164677702368,-17.971390613598924,-16.040292752585792
TUR,g2.5,-211.5522983841615,-369.80949232863634,-372.59892222151643
TWN,g2.5,-648.2940596093524,-1126.0615196286083,-773.4327577983547
TX,g2.5,-5722.187762637358,-10368.917945199119,-13758.772709908255
UKR,g2.5,-35.914750313410444,-67.23618547138182,-84.17942852897026
UT,g2.5,-346.41206699176416,-638.3389438304077,-819.6586156517329
VA,g2.5,-6484.515402061231,-12062.54361250348,-8623.517454262894
VNM,g2.5,-345.99355099523086,-560.636140539141,-436.30997123331895
VT,g2.5,-2109.8248575832085,-3838.8833966158486,-2704.079630105613
WA,g2.5,-644.829043217507,-1196.313470558339,-1579.5428514015928
WI,g2.5,-1296.248258715031,-2289.4395057742895,-2502.0018855615926
WV,g2.5,-557.8480812168401,-1020.8791645493731,-846.5769225851064
WY,g2.5,-228.85943606440364,-419.7665620014506,-131.44302978822088
ZAF,g2.5,-137.91756022766518,-256.208617589752,-201.03081535319467
AGO,g3.0,-112.4481028165385,-207.41050960322082,-45.85098814065072
AK,g3.0,-283.1287506570063,-514.2232116594726,-509.32055266492347
AL,g3.0,-338.7222629476762,-609.7170874426074,-907.1786426122787
AR,g3.0,-251.2416226692011,-440.5881630375608,-674.9134031776664
ARE,g3.0,-206.71975183503045,-395.55714429107934,-785.5446551817458
ARG,g3.0,-124.7733712314761,-227.75509008894028,-287.23077994542206
AUS,g3.0,-272.8334089394259,-484.0780238880948,-780.0150414112506
AUT,g3.0,-186.50340710177292,-332.81449456805575,-238.93518994614928
AZ,g3.0,-473.323850893821,-877.8806167192981,-1275.7366955672483
BEL,g3.0,-531.0691255553519,-1000.2022246717679,-780.9128428742227
BGD,g3.0,-20.151781003094825,-34.170316453050646,-50.59357223154028
BGR,g3.0,-21.227078307783703,-38.59258366221298,-28.200472802662325
BLR,g3.0,-17.645242042572956,-32.532236174175516,-16.887737698449534
BRA,g3.0,-744.974234155371,-1342.436928098601,-1292.9353536090161
BRN,g3.0,-3.729363818055273,-6.742474456157788,-3.4335197862859888
CA,g3.0,-5907.007017345319,-11504.821729576062,-11379.465936458266
CAN,g3.0,-4196.8869828500465,-7611.259248772753,-4198.348817175937
CHE,g3.0,-836.1816495001109,-1622.856480939783,-1025.4514136920693
CHL,g3.0,-158.975178782168,-264.8228467371662,-207.65282994268227
CHN,g3.0,-6778.781492491026,-11419.228365172248,-6311.065755841726
CIV,g3.0,-14.340215978614046,-21.52890008059924,-13.0728479574998
CMR,g3.0,-7.77101474045745,-13.975240431431875,-8.189420815894875
CO,g3.0,-678.1157708138915,-1231.381356635231,-1668.0202433786167
COD,g3.0,-8.131575737374312,-14.348345729798993,-39.78515937311105
COL,g3.0,-235.44792170474088,-426.48557677491965,-311.98737420002846
CRI,g3.0,-49.97436531139882,-81.41654675573079,-92.81892595197755
CT,g3.0,-25769.648415457097,-49612.75827876539,-24907.29702835769
CYP,g3.0,-11.82494357574816,-24.140310161919658,-33.50456372527402
CZE,g3.0,-100.87857605536362,-180.17363754823302,-166.55594659849532
DC,g3.0,-874.7174286644222,-1688.4767727183096,-1220.0045580775434
DE,g3.0,-1711.3780052192394,-3438.234803956894,-1482.2297087396885
DEU,g3.0,-2139.616744082915,-3947.0141109769356,-3019.8612873801576
DNK,g3.0,-215.06085498059673,-392.5027020628547,-209.78356219620542
EGY,g3.0,-33.137130013458886,-61.784850564739685,-87.69212529718916
ESP,g3.0,-473.4838504923485,-850.6565069642415,-562.5170033580524
EST,g3.0,-17.760868754365443,-32.924142360295605,-16.94793460797873
FIN,g3.0,-129.72663973804103,-236.9098686500287,-230.1565313984859
FL,g3.0,-2165.826973132327,-4030.8218130515406,-7048.018017808766
FRA,g3.0,-948.1713518978836,-1677.4170843303002,-1629.8404765664213
GA,g3.0,-1277.7381881375527,-2362.1260651121997,-3670.889167866904
GBR,g3.0,-2343.6141263615655,-4652.498202890423,-2563.6541260948366
GRC,g3.0,-108.78195555275512,-204.34445345700138,-116.93505768784955
HI,g3.0,-470.73030838552745,-867.3472346353283,-1054.5482635355497
HKG,g3.0,-239.7507106571019,-485.0354993168771,-338.05703705074876
HRV,g3.0,-10.974714239551579,-19.711074478820212,-24.117256253743115
HUN,g3.0,-76.80791649899564,-138.3285770150305,-139.32487299085525
IA,g3.0,-454.39348567796037,-748.3385675331244,-834.3579196298556
ID,g3.0,-101.22824068565761,-169.92248135455333,-211.43718883057895
IDN,g3.0,-284.1926556382993,-469.5097164994981,-297.90915636458845
IL,g3.0,-1842.2755048175798,-3323.77288625234,-4565.449854474111
IN,g3.0,-1571.6794182955418,-2781.549434822213,-2749.8419253791158
IND,g3.0,-1745.1731755201336,-3214.027780667183,-1080.2899750496763
IRL,g3.0,-678.82386665272,-1264.8944993912244,-2952.1487614811485
ISL,g3.0,-22.430178293133224,-37.43284398510233,-25.090203275025058
ISR,g3.0,-344.51689190103264,-622.5630456229873,-397.7159964283776
ITA,g3.0,-702.4544069905734,-1203.4910284679156,-882.634854794881
JOR,g3.0,-10.083754722027184,-18.609851893735147,-23.744009324502102
JPN,g3.0,-1780.0392700993054,-3188.759210783778,-3029.6351003287364
KAZ,g3.0,-46.84382365411603,-85.33749036220831,-55.61204472801865
KHM,g3.0,-7.1655185225930325,-11.998783947543398,-5.096616479384846
KOR,g3.0,-1155.8212856158668,-2045.030976259726,-1803.4173709300394
KS,g3.0,-363.9795622891118,-626.3846622210831,-717.8774915054438
KY,g3.0,-783.3116062906789,-1410.763858084668,-1717.2610330263333
LA,g3.0,-1020.6708494730847,-1828.3459410491037,-1276.6827978946585
LAO,g3.0,-2.2017966198439827,-3.7544025653894324,-1.572699184376918
LTU,g3.0,-26.36532139921046,-46.462097695885305,-19.0456152234252
LUX,g3.0,-140.60606191491945,-286.44795183927835,-482.6079773703863
LVA,g3.0,-10.21305269701359,-18.252884790382275,-17.043820525832206
MA,g3.0,-34020.236926512254,-65145.47186454291,-36907.03063907342
MAR,g3.0,-29.979567707123113,-54.22140141627191,-50.47405193280245
MD,g3.0,-3665.420584805275,-6919.636591260153,-5478.59482783804
ME,g3.0,-2998.4749040585803,-5525.003802545924,-3751.1470115806515
MEX,g3.0,-2120.971604440965,-3665.9900601960944,-2718.9923204951256
MI,g3.0,-3512.9548469199476,-6316.27617273441,-7513.77007306751
MLT,g3.0,-21.841958660612452,-44.47619052252532,-55.576717110069325
MMR,g3.0,-11.75976329818414,-17.7324170882083,-14.774034267653393
MN,g3.0,-1295.5696609152722,-2220.2732172108513,-2649.853130868514
MO,g3.0,-475.6860644781031,-846.095213550271,-1286.3412711795886
MS,g3.0,-245.81159633420384,-434.54076706835673,-634.2072743494737
MT,g3.0,-234.0335239023195,-410.1579523999228,-248.8197854651067
MYS,g3.0,-311.4987141010744,-553.0258979762572,-509.1170603097726
NC,g3.0,-4375.444453034668,-8000.216225747154,-6901.304709099197
ND,g3.0,-301.7479020560411,-498.4075750814727,-365.5510000710389
NE,g3.0,-310.52384778601777,-508.1918552350231,-469.2630179180256
NGA,g3.0,-152.0326774260912,-279.22426782456563,-111.4543745785145
NH,g3.0,-4861.21931816417,-9123.903235370277,-5659.571913671797
NJ,g3.0,-23230.483014680427,-43832.777887197866,-25069.69082315926
NLD,g3.0,-539.5344115719013,-997.2460366117136,-1392.4176841446892
NM,g3.0,-233.22856695383274,-417.7712503390816,-439.8447630284572
NOR,g3.0,-239.67678768193926,-410.3745223138206,-249.04302218357347
NV,g3.0,-154.84535745819568,-296.49898263629495,-349.1947505181067
NY,g3.0,-538471.0836552423,-981350.4688840527,-586968.3573163014
NZL,g3.0,-67.6081326832551,-113.2406419059029,-154.53297501320222
OH,g3.0,-4611.76263807034,-8489.823316480428,-8697.642812278096
OK,g3.0,-812.320691554822,-1439.2559686430634,-976.1132578690049
OR,g3.0,-135.17664472106583,-243.20483676117775,-399.7855957798919
PA,g3.0,-20461.25916416379,-38741.839275575745,-23714.615145436965
PAK,g3.0,-47.23961104445279,-82.63101390136039,-58.68349388027022
PER,g3.0,-105.05386884413402,-190.32732802339817,-238.3815888462105
PHL,g3.0,-216.62017966696388,-401.6489571651074,-198.89597269604135
POL,g3.0,-191.27707385525875,-343.0779286394175,-304.010378501336
PRT,g3.0,-91.91830339950727,-162.76539560349252,-78.05459012137152
RI,g3.0,-2014.0823792346837,-3836.7043477500033,-2339.7647877157965
ROU,g3.0,-61.41346384364076,-111.48154159653207,-175.62926533016267
ROW,g3.0,-1920.4929728633526,-3452.2592802519375,-2472.9457641413524
RUS,g3.0,-687.8489478576973,-1253.4572344164942,-589.4994864013522
SAU,g3.0,-423.10706853095604,-778.888238975465,-388.9782380632907
SC,g3.0,-863.5028519216661,-1560.1727924285801,-1703.5341810101731
SD,g3.0,-194.3258663550257,-301.71091368114094,-347.5114970468666
SEN,g3.0,-2.52503368981391,-4.220354268092597,-4.782634785143216
SGP,g3.0,-690.3796230237475,-1300.8562805350516,-1437.665650178473
STP,g3.0,-0.07700930494201438,-0.15926271959067334,-0.09552670779681106
SVK,g3.0,-40.44283919392673,-71.34990002977167,-57.8301851941399
SVN,g3.0,-16.495230197816902,-29.160672062491052,-25.39153327206651
SWE,g3.0,-244.78348596298233,-444.126203134411,-500.8578094609676
THA,g3.0,-341.6894022070767,-569.2108021568506,-617.4805608981496
TN,g3.0,-1040.4882045517247,-1893.6292083007688,-2660.4800477639337
TUN,g3.0,-9.971725826153783,-18.00759213016032,-16.055428861815955
TUR,g3.0,-212.04456694607182,-370.39065132100103,-372.74727070558833
TWN,g3.0,-649.6641912382729,-1127.5244353573344,-774.654331943916
TX,g3.0,-5402.8402365213,-9743.667708963565,-14020.657836052053
UKR,g3.0,-36.00769786825911,-67.34896901961783,-84.06042275113192
UT,g3.0,-309.66283952585553,-570.5157557842971,-750.0864887300182
VA,g3.0,-6052.9516242389045,-11210.527511627126,-7799.570996820948
VNM,g3.0,-346.6511862018306,-561.3093155846104,-436.9406498153982
VT,g3.0,-2291.827261481047,-4163.975327510791,-2941.105680454649
WA,g3.0,-527.6350811583685,-971.8644622571528,-1395.720243865399
WI,g3.0,-1043.7051837287586,-1809.699415672259,-2193.3356898140582
WV,g3.0,-483.896500748673,-881.4197205665032,-758.4089170478283
WY,g3.0,-219.7615699700062,-405.2402541660568,-102.35158804138595
ZAF,g3.0,-138.32433537129936,-256.72227811723474,-201.3121556058753
AGO,scen_economic,-110.97922436809438,-205.54489530596672,-44.25333364031342
AK,scen_economic,-512.6049583904955,-944.798652655555,-735.0558257865003
AL,scen_economic,-1655.1125795302466,-3125.7618575245106,-2992.430236082657
AR,scen_economic,-924.2247268294379,-1708.6648375681195,-1652.0219224072496
ARE,scen_economic,-205.0927174960226,-394.08505536010904,-766.9693002632134
ARG,scen_economic,-123.6695081603954,-226.58248549688912,-283.8158379023627
AUS,scen_economic,-270.61429190850265,-481.81095871043635,-768.7229454126235
AUT,scen_economic,-184.89158197889944,-331.20802645970053,-235.01566419053458
AZ,scen_economic,-2614.870754964175,-5032.740735597725,-3699.7202557945566
BEL,scen_economic,-525.9312400336725,-995.2443527669838,-759.8595638329884
BGD,scen_economic,-19.955201352269636,-33.99265189320894,-51.111198302907304
BGR,scen_economic,-21.056025724858664,-38.43467457822553,-27.928116349121325
BLR,scen_economic,-17.475940021069302,-32.36410461643002,-16.865735880011066
BRA,scen_economic,-738.068918021278,-1335.1178449516356,-1282.8335087892199
BRN,scen_economic,-3.696153252045229,-6.7108919473921045,-3.434148974302233
CA,scen_economic,-18633.240719786892,-36794.23934324665,-24483.54218945345
CAN,scen_economic,-4155.491277447189,-7565.3626413703005,-4256.449783591948
CHE,scen_economic,-831.242525352022,-1619.323513126803,-1000.7523079880001
CHL,scen_economic,-157.91719550053477,-263.725357980301,-209.65180357504642
CHN,scen_economic,-6720.24788127881,-11361.849753095761,-6425.051817929247
CIV,scen_economic,-14.256759269447802,-21.45006964616853,-13.066007293875613
CMR,scen_economic,-7.705660185222107,-13.916737689178696,-8.073542854426398
CO,scen_economic,-2784.28136194587,-5332.427522472985,-3983.836268464928
COD,scen_economic,-8.06384794559646,-14.275063699725209,-40.44228884249074
COL,scen_economic,-232.791292885692,-423.3575891124166,-314.5790667559891
CRI,scen_economic,-49.612467727057776,-81.05740136571656,-93.89603185925647
CT,scen_economic,-8961.011399770568,-16609.050357678727,-8548.170271283008
CYP,scen_economic,-11.750580342565891,-24.097640994940562,-32.37649062511131
CZE,scen_economic,-99.99147076429269,-179.3329080349365,-165.1670456942939
DC,scen_economic,-1879.981083802787,-3697.852562738987,-2510.4276229980173
DE,scen_economic,-1361.3472365250652,-2732.656923093379,-1370.524519460128
DEU,scen_economic,-2119.863260321493,-3928.0628063112267,-2971.379041683828
DNK,scen_economic,-212.4264491163592,-389.4761789033118,-206.51727060433865
EGY,scen_economic,-32.77411356688911,-61.40868192938063,-85.77884735186186
ESP,scen_economic,-469.35353383724555,-846.69233325042,-559.1265511461957
EST,scen_economic,-17.586983076600045,-32.76028173116392,-16.67271008636676
FIN,scen_economic,-128.45359783134467,-235.56011553062658,-224.43257798827594
FL,scen_economic,-7671.610333425713,-14649.880339103238,-12739.759125535997
FRA,scen_economic,-939.8350734731384,-1669.5194821753373,-1605.8857587099901
GA,scen_economic,-5733.563705707261,-11153.342913741675,-8113.759006504038
GBR,scen_economic,-2327.563937791032,-4641.576596049381,-2501.940237619272
GRC,scen_economic,-107.27295817366529,-202.5713916287134,-113.38249220728022
HI,scen_economic,-935.7221955221266,-1743.4338763888766,-1585.6623602736443
HKG,scen_economic,-238.21202106438122,-484.1131367854703,-330.8072734867266
HRV,scen_economic,-10.87466392672443,-19.612544659533384,-23.472284448847123
HUN,scen_economic,-76.03102694390697,-137.56514768157916,-137.4462212231804
IA,scen_economic,-1661.7319515538302,-3170.528905443292,-2530.1508814868894
ID,scen_economic,-465.52076746760576,-864.6732439277567,-876.7409329940723
IDN,scen_economic,-281.90179118794686,-467.1089336125186,-298.04139909385367
IL,scen_economic,-7258.234373373767,-14051.454141208678,-10118.7499209846
IN,scen_economic,-3438.3046956039575,-6408.118725671142,-5754.923505818031
IND,scen_economic,-1730.0795808153737,-3200.8445640346863,-1094.7934851813147
IRL,scen_economic,-674.3128349192035,-1260.753480051303,-2879.0838753098733
ISL,scen_economic,-22.27831286591888,-37.280405591855846,-25.01290737962376
ISR,scen_economic,-341.2855843553584,-619.4135766407786,-389.89683904854047
ITA,scen_economic,-696.7813016795335,-1197.7794792195846,-874.104739115696
JOR,scen_economic,-9.996381011055,-18.53490354864038,-24.40477785832677
JPN,scen_economic,-1762.805579321068,-3172.3446631547417,-3011.305848697031
KAZ,scen_economic,-46.40440683482447,-84.89186879441311,-54.28325857759279
KHM,scen_economic,-7.100294601578102,-11.937764583653609,-5.110649401917786
KOR,scen_economic,-1143.9439607233105,-2033.204926283729,-1807.532251803827
KS,scen_economic,-1436.8510345793375,-2709.311387237518,-2280.1881576336414
KY,scen_economic,-2062.407201743604,-3858.5313404427525,-3524.749384862829
LA,scen_economic,-2024.0220707301485,-3760.668603248885,-2959.5736268578307
LAO,scen_economic,-2.1840102634588088,-3.7363329968926724,-1.5776892777505211
LTU,scen_economic,-26.118238779827486,-46.22409077566829,-18.823504255654242
LUX,scen_economic,-139.83838840452424,-286.0892604160171,-465.61638106218123
LVA,scen_economic,-10.129753437252752,-18.175194466253135,-16.566275256205518
MA,scen_economic,-11909.891356412221,-22356.404841501484,-13306.397863696571
MAR,scen_economic,-29.700306001579623,-53.92990232336024,-51.64893659216368
MD,scen_economic,-4871.044444296922,-9302.252625628946,-7253.741727102821
ME,scen_economic,-1248.703060079062,-2241.55675174005,-1400.7700714309008
MEX,scen_economic,-2100.7886437191387,-3645.633128138503,-2785.9164642889314
MI,scen_economic,-4907.140678976592,-9077.686658026416,-8026.943307110794
MLT,scen_economic,-21.719732311534056,-44.42025620828506,-53.60637523174877
MMR,scen_economic,-11.703074911285974,-17.67523951654833,-14.774074668591808
MN,scen_economic,-3299.9687028480234,-6138.350462531788,-4586.482325426109
MO,scen_economic,-2633.167022151005,-5048.799733192144,-4330.8000147650355
MS,scen_economic,-936.1610917724842,-1741.8824625071709,-1693.8626837409363
MT,scen_economic,-462.6574232942582,-848.5742092446292,-603.6020270409529
MYS,scen_economic,-308.6493187014637,-550.4089888237537,-500.4058074753279
NC,scen_economic,-6343.3599978139355,-11875.029127386399,-8622.055060446693
ND,scen_economic,-537.3430312195653,-958.1658293929254,-822.723414109095
NE,scen_economic,-1098.6051901796811,-2072.503834401163,-1590.0005798184825
NGA,scen_economic,-150.09467572313014,-276.8434372146666,-109.46401167018927
NH,scen_economic,-1997.541650552284,-3654.5584828917217,-2300.48573939618
NJ,scen_economic,-10688.841559630475,-19985.170175618656,-11437.672085308077
NLD,scen_economic,-534.2335753114317,-991.963179000603,-1361.619159300761
NM,scen_economic,-853.6442210294773,-1596.0712445672796,-1297.013539058779
NOR,scen_economic,-237.5534659430952,-408.00211674857286,-246.046014622858
NV,scen_economic,-1387.5463229137172,-2657.485986424343,-2596.00740329728
NY,scen_economic,-524726.3575556122,-960033.5038389801,-570728.6728412451
NZL,scen_economic,-67.13977801396767,-112.79775407753687,-151.08546052370681
OH,scen_economic,-7683.7620562703605,-14492.063383655886,-9792.844941951773
OK,scen_economic,-1757.7542391864129,-3256.5026316090466,-2426.335995107004
OR,scen_economic,-1445.3442874467994,-2757.9408463423024,-2413.9702156592402
PA,scen_economic,-13424.21522231476,-25159.958067858744,-13640.942952324353
PAK,scen_economic,-46.79767476060043,-82.21492627476512,-59.078078729331146
PER,scen_economic,-104.12500162530253,-189.3106128684064,-240.20419931702173
PHL,scen_economic,-214.5190872186998,-399.7549639431338,-198.12333980109042
POL,scen_economic,-189.55660103568226,-341.44961798425146,-300.5175581850257
PRT,scen_economic,-91.10935505007588,-161.98703463872417,-77.48089552504204
RI,scen_economic,-1074.981876810382,-1998.1886177501315,-1300.773978579282
ROU,scen_economic,-60.82521622544829,-110.92314772442721,-169.9047018396965
ROW,scen_economic,-1900.4152424058077,-3429.45926910188,-2460.4708921653487
RUS,scen_economic,-681.2221697304432,-1246.7035904070235,-582.3950435324873
SAU,scen_economic,-417.6534281936268,-772.0257659398017,-382.7132005675293
SC,scen_economic,-2035.4789494914023,-3820.5810297270104,-3381.169495933463
SD,scen_economic,-619.1688988714303,-1160.9267285153176,-796.9616970664661
SEN,scen_economic,-2.5095325244190976,-4.204776079192005,-4.714447813884068
SGP,scen_economic,-683.823049345565,-1294.6836128800057,-1407.5719392013984
STP,scen_economic,-0.07658715519894883,-0.15909429702999164,-0.09522439623944517
SVK,scen_economic,-40.047061723410344,-70.97144487422689,-57.56315695212768
SVN,scen_economic,-16.35543542216131,-29.019899369855914,-25.17048522897914
SWE,scen_economic,-242.37496247438324,-441.6522137631382,-485.4053803722011
THA,scen_economic,-338.7757312898345,-566.3942267573544,-606.5455865338986
TN,scen_economic,-3239.3045231995534,-6141.417924618687,-5527.015822002071
TUN,scen_economic,-9.877089409723276,-17.909320594480192,-16.024118550288705
TUR,scen_economic,-210.33176478581615,-368.6451161326932,-373.95211229769734
TWN,scen_economic,-643.5151275743425,-1121.4973582626947,-772.2654335356076
TX,scen_economic,-11134.137848837334,-20973.72600265166,-19549.10040335379
UKR,scen_economic,-35.66525218403457,-66.99629687521137,-87.6517882917814
UT,scen_economic,-1526.8253429514778,-2967.651403829751,-2285.1506619968827
VA,scen_economic,-6768.158345515587,-12692.093008318314,-8900.893695437784
VNM,scen_economic,-343.98314693684813,-558.7497961329273,-438.0971850879539
VT,scen_economic,-836.9293818150214,-1458.2899820935918,-967.4052531995067
WA,scen_economic,-3431.304608756169,-6637.821315285097,-5501.769149285842
WI,scen_economic,-2929.572730465117,-5501.453260097182,-4437.362796163954
WV,scen_economic,-774.1903351605641,-1433.6837075456592,-1113.3169438427349
WY,scen_economic,-396.8852966263378,-739.9040839249324,-520.1609562641855
ZAF,scen_economic,-137.11301546171984,-255.39540530778982,-199.90936591679844
AGO,scen_structured_rand,-110.98729994477826,-205.53868929895972,-44.43245278346009
AK,scen_structured_rand,-482.0155866679571,-886.449183045035,-697.9073014370059
AL,scen_structured_rand,-1516.506905294478,-2844.7095770565375,-2819.531791031342
AR,scen_structured_rand,-873.1970985146891,-1600.353715667105,-1544.0572622376144
ARE,scen_structured_rand,-205.11102248474103,-394.09724999918416,-768.7309004412364
ARG,scen_structured_rand,-123.66805789011795,-226.61134092179583,-284.0549770905259
AUS,scen_structured_rand,-270.6258980345725,-481.8720946734625,-769.5110852164885
AUT,scen_structured_rand,-184.93248328640217,-331.26126999245207,-235.38410581401945
AZ,scen_structured_rand,-2325.7749206189633,-4448.756496218679,-3350.0776119133943
BEL,scen_structured_rand,-526.1764051700098,-995.5477119380499,-761.981157194391
BGD,scen_structured_rand,-19.95913082896142,-33.997273360978085,-51.07269334439353
BGR,scen_structured_rand,-21.05933299403381,-38.43991923599495,-27.953202582363772
BLR,scen_structured_rand,-17.481531700483075,-32.37064681946275,-16.87018202813349
BRA,scen_structured_rand,-738.1502366701651,-1335.2510720732391,-1283.2135283580249
BRN,scen_structured_rand,-3.69704829770926,-6.711912010314075,-3.433258750637148
CA,scen_structured_rand,-16948.03027804786,-33258.92580098411,-22738.381585081435
CAN,scen_structured_rand,-4155.76828210866,-7565.8612328888885,-4254.170285133036
CHE,scen_structured_rand,-831.4313232671033,-1619.441737124705,-1002.7370346089768
CHL,scen_structured_rand,-157.874239897495,-263.75350094416143,-209.4065827937856
CHN,scen_structured_rand,-6720.961616416081,-11363.673334218283,-6411.645525180837
CIV,scen_structured_rand,-14.2476992347581,-21.456354982839812,-13.062997585530718
CMR,scen_structured_rand,-7.708211435887382,-13.919909403460357,-8.085914937855701
CO,scen_structured_rand,-2500.8455170397915,-4754.469856494569,-3677.9672847625084
COD,scen_structured_rand,-8.06266629200515,-14.275320846715456,-40.41378585732798
COL,scen_structured_rand,-232.81157907282096,-423.3890705569426,-314.259151204511
CRI,scen_structured_rand,-49.61249911460048,-81.08094740997765,-93.77007824440007
CT,scen_structured_rand,-10635.690502841619,-20238.690069470555,-10288.000939059126
CYP,scen_structured_rand,-11.752922407441707,-24.098522238346625,-32.486710581926
CZE,scen_structured_rand,-100.0171132338285,-179.36322515179828,-165.25444786119243
DC,scen_structured_rand,-1931.9263036596374,-3797.768213179369,-2584.6294008674813
DE,scen_structured_rand,-1431.2083175109028,-2875.56609551671,-1463.874404288898
DEU,scen_structured_rand,-2120.5951287751577,-3928.9030330432843,-2975.427254030283
DNK,scen_structured_rand,-212.55733794083199,-389.67126392103273,-206.75061967419208
EGY,scen_structured_rand,-32.78400345614495,-61.42261141879907,-85.99622351964915
ESP,scen_structured_rand,-469.49982916043626,-846.8740439716919,-559.34230271167
EST,scen_structured_rand,-17.594393909132013,-32.769321900800165,-16.695340594948004
FIN,scen_structured_rand,-128.49341857514779,-235.62515619374003,-224.9652687289633
FL,scen_structured_rand,-7213.33281025008,-13712.721994001451,-12330.825446243758
FRA,scen_structured_rand,-940.1401251070056,-1669.8474575403145,-1607.4500776298505
GA,scen_structured_rand,-5441.737711708609,-10531.000699712693,-7792.344777147395
GBR,scen_structured_rand,-2328.2695950141,-4642.042270785711,-2508.2724430324247
GRC,scen_structured_rand,-107.32508786214913,-202.6684153067509,-113.7456195925121
HI,scen_structured_rand,-869.4764199601989,-1616.1595974719742,-1492.887354446572
HKG,scen_structured_rand,-238.2864994509804,-484.1552897621425,-331.55740079180896
HRV,scen_structured_rand,-10.879613438505675,-19.61869725364785,-23.537179262338974
HUN,scen_structured_rand,-76.0631274801687,-137.60678927354567,-137.5790945009002
IA,scen_structured_rand,-1499.4056613876814,-2821.820618189819,-2362.0834219260287
ID,scen_structured_rand,-405.75224205444704,-746.4429539494143,-784.1058955886942
IDN,scen_structured_rand,-281.89429265907813,-467.16342084425116,-297.97657326925486
IL,scen_structured_rand,-6718.4213387006575,-12879.94510803844,-9632.605935684987
IN,scen_structured_rand,-3287.2051072071713,-6078.856308006758,-5576.15848537445
IND,scen_structured_rand,-1730.8105267418384,-3201.566183222216,-1093.5267718534128
IRL,scen_structured_rand,-674.6088528295443,-1261.065702693253,-2885.286859336862
ISL,scen_structured_rand,-22.277074425570135,-37.28847698179404,-25.00654743635488
ISR,scen_structured_rand,-341.4535609782687,-619.616705606269,-390.5387295174134
ITA,scen_structured_rand,-696.9226047515916,-1197.9683684285758,-874.9750635123572
JOR,scen_structured_rand,-10.000864508802547,-18.539345977270838,-24.34333754355633
JPN,scen_structured_rand,-1763.3654222547789,-3172.996297141889,-3011.937893143713
KAZ,scen_structured_rand,-46.41224544070452,-84.901864341413,-54.42627808240135
KHM,scen_structured_rand,-7.100314328945682,-11.938854352592466,-5.10934357819732
KOR,scen_structured_rand,-1144.2015752525938,-2033.6423219400133,-1806.332217913251
KS,scen_structured_rand,-1326.6941376130248,-2480.4038761651454,-2126.372510866457
KY,scen_structured_rand,-1962.5769608137975,-3648.4496071965987,-3422.519684881346
LA,scen_structured_rand,-1923.941286015327,-3557.948344444305,-2789.215886182672
LAO,scen_structured_rand,-2.1842773559586335,-3.737005109668829,-1.5778786895120664
LTU,scen_structured_rand,-26.128540811142624,-46.23622057253871,-18.845447661521398
LUX,scen_structured_rand,-139.86394358188537,-286.087944450668,-467.30885540439743
LVA,scen_structured_rand,-10.133078322799296,-18.17912800181037,-16.613966851350163
MA,scen_structured_rand,-13895.029968160481,-26509.609834030944,-15456.721284276146
MAR,scen_structured_rand,-29.706598520721425,-53.940977561726626,-51.54417491081048
MD,scen_structured_rand,-5115.517944666462,-9772.567901926675,-7571.023232295164
ME,scen_structured_rand,-1367.268395710012,-2481.3762040850384,-1578.0445356973735
MEX,scen_structured_rand,-2100.902206946447,-3646.112082025958,-2780.0916277485894
MI,scen_structured_rand,-4965.48013850086,-9157.913056125035,-8094.89466010319
MLT,scen_structured_rand,-21.724047940689143,-44.42150949475382,-53.80681120955458
MMR,scen_structured_rand,-11.69797991263987,-17.676583035483105,-14.767404281223316
MN,scen_structured_rand,-3175.0395842128946,-5857.436935862043,-4417.499933635072
MO,scen_structured_rand,-2412.1081850317096,-4578.86213559736,-4040.793552475172
MS,scen_structured_rand,-860.8065188351796,-1593.5932061992264,-1591.2396394610907
MT,scen_structured_rand,-436.61081615611056,-794.8577836501382,-555.1010150985405
MYS,scen_structured_rand,-308.69016658114833,-550.5060642412155,-500.85440103688046
NC,scen_structured_rand,-6336.897906044083,-11848.552152172726,-8695.779587200408
ND,scen_structured_rand,-526.253101619097,-929.4517232859084,-782.8231043856584
NE,scen_structured_rand,-984.3090877327065,-1829.3519374612385,-1472.4659761064045
NGA,scen_structured_rand,-150.11459636052928,-276.8487809279009,-109.64749220260117
NH,scen_structured_rand,-2336.3830574795684,-4343.140053388964,-2698.37750471259
NJ,scen_structured_rand,-11854.024712155673,-22353.473587492488,-12768.279225213513
NLD,scen_structured_rand,-534.4602413559558,-992.2648556559923,-1364.7459784023592
NM,scen_structured_rand,-753.2002020840507,-1401.3864013283144,-1185.4793451564044
NOR,scen_structured_rand,-237.5573340702418,-408.0908183473742,-246.2292584164367
NV,scen_structured_rand,-1156.2062052268948,-2198.0548391246175,-2118.2200660599283
NY,scen_structured_rand,-525341.9202194293,-960899.2026452629,-571530.677560542
NZL,scen_structured_rand,-67.14234381432055,-112.82222626024875,-151.41583068982493
OH,scen_structured_rand,-7636.098535253527,-14356.759414825685,-9839.611254407715
OK,scen_structured_rand,-1640.575210295708,-3022.1455093328027,-2259.734858092805
OR,scen_structured_rand,-1249.725885048979,-2362.9992919766955,-2127.611259960094
PA,scen_structured_rand,-14201.36203219247,-26813.80387665509,-14713.77703177346
PAK,scen_structured_rand,-46.805624039595266,-82.22383400955951,-59.05565703023986
PER,scen_structured_rand,-104.10977296228053,-189.3279913213505,-239.9728750257835
PHL,scen_structured_rand,-214.6048415545042,-399.868226841818,-198.01008136142852
POL,scen_structured_rand,-189.6201335114745,-341.52743284218826,-300.78050082984447
PRT,scen_structured_rand,-91.13921736991436,-162.023763532384,-77.52516172664829
RI,scen_structured_rand,-1248.1869105938401,-2347.4377065752415,-1500.6397407531947
ROU,scen_structured_rand,-60.84916089938844,-110.95100249715547,-170.47613494434984
ROW,scen_structured_rand,-1900.63273852983,-3429.8186071919363,-2461.5664608611755
RUS,scen_structured_rand,-681.3487238343517,-1246.873652325254,-582.7333876242745
SAU,scen_structured_rand,-417.68359584296235,-772.0113584236395,-383.23868453485767
SC,scen_structured_rand,-1970.595865669472,-3681.100187921497,-3306.776983914498
SD,scen_structured_rand,-594.3322374799578,-1103.921664372631,-747.6867362250282
SEN,scen_structured_rand,-2.509132249586243,-4.20530524328054,-4.72001115210608
SGP,scen_structured_rand,-684.1034321416516,-1295.0204343057035,-1409.2732989356061
STP,scen_structured_rand,-0.07660725690848119,-0.15909848661797843,-0.09520751281339213
SVK,scen_structured_rand,-40.06136873275553,-70.98777320147836,-57.5769423984304
SVN,scen_structured_rand,-16.35926931355459,-29.02492222897634,-25.18614998568547
SWE,scen_structured_rand,-242.46048777727555,-441.7672438860316,-486.98626443508437
THA,scen_structured_rand,-338.7782338738059,-566.4834660032056,-607.4228617714872
TN,scen_structured_rand,-3046.2834523979177,-5734.470643181768,-5289.755575052415
TUN,scen_structured_rand,-9.878783691563143,-17.911690216618872,-16.026219088941925
TUR,scen_structured_rand,-210.3176364535668,-368.64717522071965,-373.78060090296657
TWN,scen_structured_rand,-643.5703383861504,-1121.6730127770159,-771.7815009465544
TX,scen_structured_rand,-10483.465638899528,-19618.353622978007,-18641.24117343006
UKR,scen_structured_rand,-35.66764302413219,-67.00108873882058,-87.34389987380622
UT,scen_structured_rand,-1382.9585886769048,-2673.616077690107,-2058.685871484993
VA,scen_structured_rand,-6952.7624684979,-13049.700695040434,-9158.169698756268
VNM,scen_structured_rand,-343.9558823159997,-558.8234580847562,-437.3240067234593
VT,scen_structured_rand,-939.4809047296923,-1665.6195014154844,-1110.490390560924
WA,scen_structured_rand,-3008.975623044522,-5789.188237201931,-5025.835153789563
WI,scen_structured_rand,-2797.180877797341,-5202.583065293017,-4281.708823320222
WV,scen_structured_rand,-764.5125170621953,-1412.9265851855735,-1110.3933647274264
WY,scen_structured_rand,-377.06614022017527,-702.1795606173591,-479.10981128281503
ZAF,scen_structured_rand,-137.09771822143304,-255.3884337215446,-200.02167272096844
AGO,scen_random_0,-110.78009375630167,-205.03295873641767,-45.45124858473705
AK,scen_random_0,-346.2573280954053,-628.9238957150083,-536.9501998794767
AL,scen_random_0,-1024.2559288238558,-1872.5059286009393,-1617.2226076546517
AR,scen_random_0,-631.6992965944982,-1127.7134794592534,-963.537512540101
ARE,scen_random_0,-205.0256712877281,-393.618905198922,-779.4419218753559
ARG,scen_random_0,-123.42952471981154,-226.37841744758646,-285.91878608213256
AUS,scen_random_0,-270.3957561137832,-481.5614071840374,-775.8200408910704
AUT,scen_random_0,-185.0902004442985,-331.37962295086953,-237.61745786349604
AZ,scen_random_0,-905.2097375634353,-1658.0747470937083,-1886.444221474929
BEL,scen_random_0,-527.5546799588288,-996.687292465728,-774.6892903918507
BGD,scen_random_0,-20.02019444026274,-34.048069255003995,-50.68545761304888
BGR,scen_random_0,-21.057136896372285,-38.4296975465033,-28.1123449056555
BLR,scen_random_0,-17.50638211780712,-32.38493220651957,-16.881808710797277
BRA,scen_random_0,-737.7830557782773,-1334.2989920480038,-1288.6750997728984
BRN,scen_random_0,-3.7001634046217773,-6.711666333292214,-3.426745399908969
CA,scen_random_0,-8942.165077264022,-17380.10372492841,-14146.260062821524
CAN,scen_random_0,-4149.838301749542,-7554.873041264346,-4219.110059263617
CHE,scen_random_0,-831.7264935332414,-1618.6653978873076,-1016.9387505612186
CHL,scen_random_0,-157.08965401156016,-263.2021108897185,-208.25747278851472
CHN,scen_random_0,-6734.837102398508,-11377.441533942418,-6338.41787351856
CIV,scen_random_0,-14.078242808199398,-21.373152718864723,-13.063984707538904
CMR,scen_random_0,-7.7152461790256055,-13.921339899383385,-8.156305301885304
CO,scen_random_0,-1213.5022469215594,-2217.5957494724385,-2234.4665845797776
COD,scen_random_0,-8.043696982913493,-14.251243278338473,-39.77605201775032
COL,scen_random_0,-232.3222555938988,-422.5311035563693,-312.4302404072527
CRI,scen_random_0,-49.50219215872061,-81.08900252686583,-93.06287757083699
CT,scen_random_0,-19287.50070124347,-37555.31819466671,-19597.898519758422
CYP,scen_random_0,-11.765677861537236,-24.08870463931933,-33.14151765620861
CZE,scen_random_0,-100.15712675298444,-179.49574578465143,-165.9790406369584
DC,scen_random_0,-1331.9686093975372,-2609.808316480249,-1964.535582189942
DE,scen_random_0,-1795.1320408849147,-3615.1908986771723,-1617.7239193668297
DEU,scen_random_0,-2123.614072025964,-3931.50393514368,-3002.7899044857127
DNK,scen_random_0,-213.17244050421314,-390.37753148162574,-208.55242547763538
EGY,scen_random_0,-32.842598694659564,-61.460853902293216,-87.15964842529041
ESP,scen_random_0,-469.99592995160447,-847.2641556869082,-560.974788902717
EST,scen_random_0,-17.641417449462857,-32.80439852571328,-16.857381938447205
FIN,scen_random_0,-128.57514577258792,-235.68625676155824,-228.49287294064737
FL,scen_random_0,-4137.252240106147,-7722.24107791893,-8871.910616377956
FRA,scen_random_0,-941.4496051330557,-1670.601456078557,-1620.4792237218069
GA,scen_random_0,-2957.9323952267177,-5531.31101544361,-5331.9683148415725
GBR,scen_random_0,-2331.715512441849,-4641.892355334685,-2544.8746955139427
GRC,scen_random_0,-107.63912090046281,-203.04693946139543,-115.81153840047386
HI,scen_random_0,-525.0077410798331,-975.1304269402272,-1123.6521283413442
HKG,scen_random_0,-238.70046000726984,-484.11928978287256,-335.7708250665206
HRV,scen_random_0,-10.904048043986112,-19.64150104988155,-23.917998471853515
HUN,scen_random_0,-76.2408991534505,-137.80893813091967,-138.67048892658227
IA,scen_random_0,-904.6508807618231,-1570.1285648932067,-1427.6743144141903
ID,scen_random_0,-220.82920645733302,-373.0418386549374,-385.5339944178038
IDN,scen_random_0,-281.6744358093278,-467.14722320559594,-297.44603066623154
IL,scen_random_0,-3759.1189876083386,-6943.918879428121,-6451.2069456997015
IN,scen_random_0,-2627.811642493226,-4767.38784706061,-3923.215282488105
IND,scen_random_0,-1735.4570173509615,-3204.91875676756,-1085.6844098394156
IRL,scen_random_0,-675.0991760421688,-1261.2374842569743,-2926.8261737151333
ISL,scen_random_0,-22.247561438599373,-37.30458406011218,-25.031391470202212
ISR,scen_random_0,-342.41318979619916,-620.4817395637739,-395.18454578288583
ITA,scen_random_0,-697.2297761672927,-1198.368753600255,-879.4452817376776
JOR,scen_random_0,-10.025911234907404,-18.554404677641866,-23.941389849925166
JPN,scen_random_0,-1765.5105247503748,-3175.8361026884168,-3020.6949672433966
KAZ,scen_random_0,-46.405531662977886,-84.83783357817164,-55.23588653522377
KHM,scen_random_0,-7.1095332022277,-11.951305975620592,-5.098529718639584
KOR,scen_random_0,-1146.214906160095,-2035.8681056426146,-1803.3610852139589
KS,scen_random_0,-784.3963710666029,-1377.4145647667326,-1238.8248858384502
KY,scen_random_0,-1419.1241908719203,-2596.512810051316,-2416.2806829287683
LA,scen_random_0,-1459.3630704346747,-2641.615750984447,-1803.1842046240063
LAO,scen_random_0,-2.1850132197274164,-3.738938824162921,-1.572130776661197
LTU,scen_random_0,-26.163491849848253,-46.249114861765555,-18.97218955224407
LUX,scen_random_0,-139.98629930918693,-285.9114530932901,-477.1973753326318
LVA,scen_random_0,-10.145220683993756,-18.186914422905414,-16.895244497747782
MA,scen_random_0,-27220.84078448338,-52561.35099991623,-29819.967455743255
MAR,scen_random_0,-29.713290748198805,-53.95718948207427,-50.873460918638436
MD,scen_random_0,-4611.7111680139005,-8758.292788380826,-6967.759368844761
ME,scen_random_0,-2191.794922413243,-4093.305101130444,-2895.346569221968
MEX,scen_random_0,-2099.6894452985653,-3645.67648631266,-2739.1410360289974
MI,scen_random_0,-3924.565441157799,-7231.209991908866,-7842.787099518514
MLT,scen_random_0,-21.749453312524704,-44.405674341734226,-54.98245324698713
MMR,scen_random_0,-11.653525578290859,-17.67060957793911,-14.756397912823438
MN,scen_random_0,-2061.446903900496,-3676.083486756744,-3271.503165379244
MO,scen_random_0,-1275.1734829648956,-2315.227878671848,-2331.4214770134986
MS,scen_random_0,-556.5907619015803,-989.4077190926739,-969.4997067934188
MT,scen_random_0,-283.67781839515277,-503.11852256951556,-333.0228853778921
MYS,scen_random_0,-309.44218503613496,-551.1432673906606,-505.9388479156225
NC,scen_random_0,-5397.075175225613,-9986.386892355042,-8118.523621420743
ND,scen_random_0,-342.52928021614935,-592.9655000336078,-510.1340446449862
NE,scen_random_0,-592.210277339875,-1010.3107819383946,-824.9791668522115
NGA,scen_random_0,-149.9006060508847,-276.26219787867916,-110.82127797808425
NH,scen_random_0,-4087.076388793813,-7704.026201123275,-4668.048410531496
NJ,scen_random_0,-19022.08868245923,-36312.15917030684,-21397.63302786721
NLD,scen_random_0,-535.5943333353608,-993.343626964087,-1383.3008503969659
NM,scen_random_0,-379.66774163125655,-689.5624477587476,-666.9769987556655
NOR,scen_random_0,-237.29555163259724,-408.0772367136739,-247.806992022248
NV,scen_random_0,-362.2853745965419,-676.2955114212996,-725.7999758175705
NY,scen_random_0,-532199.2108509187,-971848.7797902338,-579967.0316591844
NZL,scen_random_0,-67.05089961162224,-112.8364592242373,-153.44127690516302
OH,scen_random_0,-6111.8399373628945,-11375.107643954103,-9318.241700838102
OK,scen_random_0,-1129.648708941614,-2014.1632784702288,-1410.1115030061778
OR,scen_random_0,-554.5305248110677,-990.937508518216,-879.2786867207369
PA,scen_random_0,-17076.205002845734,-32421.57215066803,-20833.732864127986
PAK,scen_random_0,-46.957065371827696,-82.35915243365058,-58.72067615333599
PER,scen_random_0,-103.62034261363519,-188.69143769320627,-238.72809619647845
PHL,scen_random_0,-215.24149706678907,-400.4104235244093,-198.41236325817738
POL,scen_random_0,-189.9644344169705,-341.8136853239265,-302.6618222983801
PRT,scen_random_0,-91.27369495807558,-162.10883819361143,-77.83216135493677
RI,scen_random_0,-1914.5999605220609,-3633.0406044189367,-2138.0930478649557
ROU,scen_random_0,-60.99228445984759,-111.07548164762085,-173.8247007541797
ROW,scen_random_0,-1897.8202234858552,-3424.9123231359044,-2468.0543131441063
RUS,scen_random_0,-681.2753665021482,-1245.8135483767192,-586.4057194546062
SAU,scen_random_0,-416.96676172852347,-770.2687498293525,-386.55511527352786
SC,scen_random_0,-1398.7247574010498,-2559.0823663976666,-2389.1109255663473
SD,scen_random_0,-268.03503530423836,-450.19895286575746,-483.59770340118837
SEN,scen_random_0,-2.503609024399921,-4.20357793056075,-4.757860156751169
SGP,scen_random_0,-685.9269733691181,-1296.325548841454,-1425.695844602976
STP,scen_random_0,-0.07671193295528052,-0.15902918016740375,-0.09535113415636447
SVK,scen_random_0,-40.10472713108146,-71.07049434952866,-57.74339069704134
SVN,scen_random_0,-16.372440680180976,-29.03573768094362,-25.30722019802229
SWE,scen_random_0,-242.82777452970333,-442.1411278686686,-496.2938478494119
THA,scen_random_0,-339.20959251898654,-567.1409285951133,-613.6264761736705
TN,scen_random_0,-1984.7438647946342,-3634.1980950001907,-3628.89501215881
TUN,scen_random_0,-9.878532175560215,-17.904585512046662,-16.030535216844314
TUR,scen_random_0,-210.15350289564452,-368.48148704035344,-372.58969269957845
TWN,scen_random_0,-644.8259799318316,-1122.934222697535,-772.525581366208
TX,scen_random_0,-7028.27486259811,-12830.604893125168,-14839.942951194966
UKR,scen_random_0,-35.66792910204487,-66.97899453264837,-85.3522679357992
UT,scen_random_0,-598.7073333616579,-1083.4852219281938,-1162.55135290357
VA,scen_random_0,-6763.895766138863,-12672.023701086702,-8942.00892304256
VNM,scen_random_0,-343.9068444623836,-559.0833941830224,-436.3843969006039
VT,scen_random_0,-1668.1833499545298,-3088.4144919312134,-2215.960151688114
WA,scen_random_0,-1285.6486949500515,-2330.9502041218907,-2473.4934702842766
WI,scen_random_0,-1906.954751155842,-3429.47514874165,-3033.6845944464344
WV,scen_random_0,-635.9196063010903,-1170.0238301641814,-922.3792820672298
WY,scen_random_0,-274.3335329783388,-498.99856400792413,-243.4917309751452
ZAF,scen_random_0,-136.8119569721998,-254.98197837495545,-200.76321550520737
AGO,scen_random_1,-110.38549675049131,-204.61001401474132,-44.99891008739964
AK,scen_random_1,-469.3496111235452,-854.0573655220447,-596.7235756488348
AL,scen_random_1,-1501.886992192959,-2752.8635506392056,-2393.8497409835722
AR,scen_random_1,-847.7819252049849,-1527.6959744318515,-1332.8476591606852
ARE,scen_random_1,-204.8130712148438,-393.88482484344456,-771.3497619729861
ARG,scen_random_1,-123.30762123628583,-226.324962202476,-284.810053569081
AUS,scen_random_1,-270.07471827329414,-481.56551804308873,-773.0893248730242
AUT,scen_random_1,-184.60592658987542,-331.1416165266377,-236.54803991174492
AZ,scen_random_1,-1991.1425563694281,-3777.3619805060343,-2771.1788115992
BEL,scen_random_1,-526.5944820689746,-996.4597499250002,-768.7152236197154
BGD,scen_random_1,-19.98498375483662,-34.03257857483546,-50.95898376565053
BGR,scen_random_1,-21.040676350947518,-38.436876594779434,-28.037856770321554
BLR,scen_random_1,-17.46813406688817,-32.367177041277,-16.86958512159469
BRA,scen_random_1,-736.3653306820457,-1333.6827449576992,-1286.7633572102513
BRN,scen_random_1,-3.693873261770516,-6.710175895342149,-3.434406331519633
CA,scen_random_1,-13954.878526394443,-27055.777921638684,-19702.836563657755
CAN,scen_random_1,-4141.795828021724,-7550.412388576912,-4249.200194700221
CHE,scen_random_1,-830.7015758047328,-1619.189486887512,-1010.4621206535195
CHL,scen_random_1,-157.4034036303242,-263.36294369906057,-208.91548432558318
CHN,scen_random_1,-6718.354355676917,-11367.64836894181,-6388.874039192072
CIV,scen_random_1,-14.193209881578264,-21.405623316327834,-13.05791963779957
CMR,scen_random_1,-7.711955769596322,-13.926859050746966,-8.125612973504513
CO,scen_random_1,-2144.9688625703197,-4012.597861362277,-3130.467077429441
COD,scen_random_1,-8.031969065903903,-14.25089704223275,-40.17802782960992
COL,scen_random_1,-231.90253234433055,-422.1076225969603,-313.2327325244205
CRI,scen_random_1,-49.581402620291335,-81.09634620230396,-93.63949526102031
CT,scen_random_1,-12068.465659421974,-23598.649170506316,-12980.625283147245
CYP,scen_random_1,-11.772881487815026,-24.125925203188796,-32.73795402105841
CZE,scen_random_1,-99.92299824572504,-179.39483221416904,-165.88376244732598
DC,scen_random_1,-1648.0836110676523,-3202.9283212951705,-2315.6510572631473
DE,scen_random_1,-1468.5447736268989,-2938.6065987211637,-1469.642347312524
DEU,scen_random_1,-2119.232611119,-3930.009082005552,-2992.042995361744
DNK,scen_random_1,-212.7951031322678,-390.1831588984598,-207.85436806447333
EGY,scen_random_1,-32.78596856652188,-61.447188651919035,-86.71751798432287
ESP,scen_random_1,-469.19218054402336,-846.9596838903647,-560.2825176252478
EST,scen_random_1,-17.617171681902207,-32.80572254201392,-16.788022663494893
FIN,scen_random_1,-128.31655916253604,-235.547623757051,-226.9759078180305
FL,scen_random_1,-6280.90398328125,-11817.337079826153,-11148.281313824627
FRA,scen_random_1,-939.5237365225555,-1669.8900866077186,-1614.5601763385023
GA,scen_random_1,-4530.0473919701935,-8589.506692530998,-6806.047384044773
GBR,scen_random_1,-2330.7572131722873,-4646.234004059158,-2524.2066168463684
GRC,scen_random_1,-107.67513673489741,-203.19700152175952,-114.47795044927061
HI,scen_random_1,-764.019518996798,-1412.6752914146418,-1252.9719813707027
HKG,scen_random_1,-238.77353665403123,-484.8052591847988,-333.268028539637
HRV,scen_random_1,-10.881234863373281,-19.630263398772282,-23.691839687957106
HUN,scen_random_1,-76.05222254895645,-137.7096130114757,-138.23957974026533
IA,scen_random_1,-1604.561753596438,-2995.312898001991,-2109.4686198236336
ID,scen_random_1,-371.5634805279844,-670.3589858209856,-646.9708641943243
IDN,scen_random_1,-281.39420415869284,-466.7773834373886,-297.9906306276032
IL,scen_random_1,-6358.918584873247,-12011.51454273462,-8712.856726338534
IN,scen_random_1,-3465.21385198965,-6310.3798691147185,-5201.115094724927
IND,scen_random_1,-1732.7849767555658,-3204.8540527225136,-1089.5288640649508
IRL,scen_random_1,-673.6411261710406,-1260.5350282750817,-2902.821896369423
ISL,scen_random_1,-22.282183816085364,-37.317986256197386,-25.023874140060848
ISR,scen_random_1,-341.6498799423786,-620.1092286034268,-392.5801175049947
ITA,scen_random_1,-695.5700295275979,-1197.4156137913944,-877.4723183319205
JOR,scen_random_1,-10.012514099627603,-18.556666572461253,-24.159095469163645
JPN,scen_random_1,-1761.0253281530247,-3173.7464508378825,-3018.4493000927037
KAZ,scen_random_1,-46.30760324320747,-84.82645270282848,-54.84800046079018
KHM,scen_random_1,-7.103670132539154,-11.946851659780888,-5.107713836174152
KOR,scen_random_1,-1142.9120489169231,-2034.0140673954143,-1806.5649388172951
KS,scen_random_1,-1182.4978266621576,-2157.3743208042733,-1831.5779736644788
KY,scen_random_1,-1866.1363935617778,-3425.284686898763,-3138.428210571407
LA,scen_random_1,-1890.6989279061604,-3450.37205493499,-2424.9506480205177
LAO,scen_random_1,-2.1810087667380316,-3.735625642086364,-1.57715380201977
LTU,scen_random_1,-26.12093568763415,-46.23864245774854,-18.912715882088754
LUX,scen_random_1,-140.00144207354606,-286.3104279611868,-471.1318150121778
LVA,scen_random_1,-10.136178934795105,-18.189913550807958,-16.73242655813584
MA,scen_random_1,-17920.28176014617,-34889.68490811371,-20773.569133554534
MAR,scen_random_1,-29.664185649010967,-53.91806361272482,-51.34483890788074
MD,scen_random_1,-4865.134153811953,-9212.169198217416,-7314.123695187728
ME,scen_random_1,-1544.0127513257403,-2834.5496566569905,-2004.7425740390704
MEX,scen_random_1,-2095.5139792031805,-3643.283541777062,-2765.3832537781573
MI,scen_random_1,-4531.508623263096,-8361.62166324028,-8309.883462788035
MLT,scen_random_1,-21.76092520727505,-44.472082139006034,-54.30215981932476
MMR,scen_random_1,-11.680968557022288,-17.671539125850458,-14.769134203790145
MN,scen_random_1,-2939.292450525552,-5381.712288643141,-4083.976942438033
MO,scen_random_1,-2156.303376234988,-4030.5783505692275,-3500.667175667653
MS,scen_random_1,-829.8606952129732,-1504.1995160522154,-1363.9932772367974
MT,scen_random_1,-404.7272600538273,-734.1373773303688,-466.36366515103856
MYS,scen_random_1,-308.75590405711625,-550.8400293422632,-503.6026070827105
NC,scen_random_1,-6229.79396255244,-11561.666616478471,-8515.067878123251
ND,scen_random_1,-464.2287580783795,-822.1766574263362,-697.5889967197846
NE,scen_random_1,-992.635199967229,-1833.945515633171,-1283.6307580737312
NGA,scen_random_1,-149.41011046721323,-275.7617826666425,-110.25631708592842
NH,scen_random_1,-2677.7829745562894,-5057.6204287877645,-3342.8510161627773
NJ,scen_random_1,-13937.211313790316,-26708.62887458901,-15556.000054106713
NLD,scen_random_1,-534.5833749281885,-992.8734241627895,-1374.1182445811953
NM,scen_random_1,-650.2960445089717,-1191.5964315615684,-971.9549494287895
NOR,scen_random_1,-237.38447651272404,-408.0806339705523,-247.16879078380614
NV,scen_random_1,-778.3465259245489,-1481.0145532388688,-1682.2550459560305
NY,scen_random_1,-526889.7643443089,-962630.3288212392,-573872.8939735483
NZL,scen_random_1,-67.11783160547535,-112.85217594772357,-152.4420344903952
OH,scen_random_1,-7469.597435378768,-13983.89220564257,-9845.012613302673
OK,scen_random_1,-1588.7743968955822,-2880.1007128815586,-1921.9898947650743
OR,scen_random_1,-1000.093486795472,-1862.1411367233839,-1767.438907488426
PA,scen_random_1,-15399.675828212141,-29466.746870556413,-17158.204451704056
PAK,scen_random_1,-46.8656031340623,-82.31945840861901,-59.02787735160904
PER,scen_random_1,-103.68637100349561,-188.93248917112837,-239.4513052098156
PHL,scen_random_1,-214.96802681929464,-400.4258154031935,-198.34039079560338
POL,scen_random_1,-189.6158213127096,-341.71644652809147,-301.9416732684883
PRT,scen_random_1,-91.1248734073293,-162.06916357160833,-77.77748920691397
RI,scen_random_1,-1408.5897118958862,-2636.1769462724574,-1730.2349644402318
ROU,scen_random_1,-60.87288951307434,-111.03882253633218,-171.6615649515105
ROW,scen_random_1,-1894.7730092165934,-3422.1728780533367,-2463.9995544651506
RUS,scen_random_1,-679.9056339612508,-1245.7293110581484,-584.8735810705524
SAU,scen_random_1,-415.4375701226582,-768.6501078910229,-384.50618523841433
SC,scen_random_1,-1927.0978850161048,-3542.7092632306026,-3019.759518613006
SD,scen_random_1,-544.2508776119342,-1012.8730140237394,-652.7265380927394
SEN,scen_random_1,-2.5065560436360634,-4.2050539750303635,-4.736448804060063
SGP,scen_random_1,-684.786434482747,-1296.2965739106576,-1419.345814455599
STP,scen_random_1,-0.07676244128258694,-0.15929436354004017,-0.0952721917808531
SVK,scen_random_1,-39.99731758537018,-71.01401884676916,-57.70662133130345
SVN,scen_random_1,-16.331616962370223,-29.01540076426763,-25.267247153747405
SWE,scen_random_1,-242.25873828499337,-441.8538052194065,-491.9260321768183
THA,scen_random_1,-338.60053151959943,-566.6646151609996,-609.6804123425386
TN,scen_random_1,-2840.6329611292535,-5277.45974637416,-4778.4399532266125
TUN,scen_random_1,-9.863928300020818,-17.895886814938752,-16.039607715134714
TUR,scen_random_1,-209.78419367991125,-368.35090519506826,-373.54249036453814
TWN,scen_random_1,-643.1542889724287,-1121.932625162918,-772.0480636630534
TX,scen_random_1,-9456.204689595836,-17438.020765101544,-17048.712224392588
UKR,scen_random_1,-35.58575608180971,-66.95662042867407,-86.51347247776336
UT,scen_random_1,-1201.1081777980537,-2283.6525579279487,-1731.9846927146662
VA,scen_random_1,-6799.391717172465,-12701.516267027348,-9270.788206143725
VNM,scen_random_1,-343.6907971831999,-558.8646503876383,-436.85163684564907
VT,scen_random_1,-1174.909005015234,-2149.621435983487,-1458.6917958525848
WA,scen_random_1,-2444.905612008867,-4641.454518916614,-4216.152931282918
WI,scen_random_1,-2834.4187085584213,-5215.565731245585,-3968.3843627372958
WV,scen_random_1,-726.174728553687,-1337.818787681801,-1080.8960269478748
WY,scen_random_1,-390.9163801904019,-716.7212737313642,-402.5847746251855
ZAF,scen_random_1,-136.47493888521558,-254.90612585288585,-200.48333092160868
AGO,scen_random_2,-110.69274768605919,-204.92642467940513,-45.019363038101254
AK,scen_random_2,-398.93718040103363,-732.0014609652374,-598.6260849740707
AL,scen_random_2,-1231.5097629821958,-2297.304832114085,-2140.438735465361
AR,scen_random_2,-672.411981258357,-1229.376406737768,-1240.2148699348343
ARE,scen_random_2,-205.39270636321848,-394.19297497083227,-772.3343399063552
ARG,scen_random_2,-123.70775769958695,-226.62281960979794,-284.59943358404456
AUS,scen_random_2,-270.97227122248245,-482.1459206804737,-773.3808771792974
AUT,scen_random_2,-185.26121605151252,-331.52781851937556,-236.57677056588759
AZ,scen_random_2,-1649.5385314892876,-3156.6211650075734,-2455.1350808809448
BEL,scen_random_2,-527.6867146032229,-997.07413383189,-769.1292819049406
BGD,scen_random_2,-20.032188172896817,-34.06389309536649,-50.867620366775384
BGR,scen_random_2,-21.09573584405222,-38.468589559506576,-28.011525063241255
BLR,scen_random_2,-17.514196186806494,-32.396887981450305,-16.834678863706493
BRA,scen_random_2,-738.9774370647472,-1335.5298604879995,-1285.14061475697
BRN,scen_random_2,-3.702750458118664,-6.715370903604849,-3.4350223625885623
CA,scen_random_2,-13063.474306563941,-25461.429517359415,-18381.32483046861
CAN,scen_random_2,-4156.4295481838,-7561.2882833568365,-4237.04367184659
CHE,scen_random_2,-831.7856838238386,-1619.5188494231234,-1011.1787919370266
CHL,scen_random_2,-157.8280580970037,-263.7373315038925,-208.52038031040303
CHN,scen_random_2,-6741.009532181817,-11381.91339765345,-6372.280049116478
CIV,scen_random_2,-14.210299400608694,-21.440848418157437,-13.04146949276825
CMR,scen_random_2,-7.726185394057632,-13.93561702061549,-8.123820637223398
CO,scen_random_2,-1814.1696688044883,-3406.66360687187,-2920.528950494032
COD,scen_random_2,-8.06898161358858,-14.274932527641193,-40.339239632837824
COL,scen_random_2,-232.52503200403837,-422.6794615111435,-312.6992339335218
CRI,scen_random_2,-49.68509848396009,-81.20006188891091,-93.56899202162812
CT,scen_random_2,-15379.625575890997,-29634.180759407394,-14657.126496685902
CYP,scen_random_2,-11.784960819995652,-24.12602326086253,-32.811812092869644
CZE,scen_random_2,-100.26988058728165,-179.58264722221708,-165.82593988551884
DC,scen_random_2,-1556.750830114697,-3033.0184708669444,-2129.141728519653
DE,scen_random_2,-1445.406722480096,-2880.0193615006556,-1461.8141123677026
DEU,scen_random_2,-2125.502146302977,-3933.1788294765333,-2992.4331439200564
DNK,scen_random_2,-213.07641634698274,-390.29036243248527,-207.82343361859233
EGY,scen_random_2,-32.86677048336259,-61.49547470314256,-86.71501514127036
ESP,scen_random_2,-470.35377230388593,-847.6004229092263,-559.9328618931572
EST,scen_random_2,-17.659272698547593,-32.830597431755436,-16.793427637994924
FIN,scen_random_2,-128.72511117998596,-235.83766003823987,-227.08466230053398
FL,scen_random_2,-5552.061683845729,-10507.912551008681,-11002.115495508877
FRA,scen_random_2,-941.7846945197734,-1671.13350481022,-1615.113775928735
GA,scen_random_2,-4125.619802764185,-7898.581575358618,-6482.993396748814
GBR,scen_random_2,-2334.3142739235304,-4647.248402447486,-2526.9575796302865
GRC,scen_random_2,-107.74765172959457,-203.17275707922423,-114.6657608175278
HI,scen_random_2,-663.095845883216,-1241.7807643449864,-1229.867130778781
HKG,scen_random_2,-239.04235771444465,-484.83181955575685,-333.48474988295544
HRV,scen_random_2,-10.904580304141517,-19.643138865697715,-23.72278537173939
HUN,scen_random_2,-76.30086523017873,-137.83384974516764,-138.30975366340886
IA,scen_random_2,-1434.6815551063735,-2679.7893012368713,-1900.2385123226416
ID,scen_random_2,-295.513303890394,-537.589361506001,-543.0633879249898
IDN,scen_random_2,-282.2007192792072,-467.4499593614767,-297.89374032656906
IL,scen_random_2,-5495.718944483379,-10408.561238357586,-8229.249842507226
IN,scen_random_2,-3258.26515914688,-5981.969955793635,-4872.892506623276
IND,scen_random_2,-1736.5834357631936,-3206.9598218643596,-1085.300917761494
IRL,scen_random_2,-674.3706874946672,-1260.8359191105587,-2907.7864614903647
ISL,scen_random_2,-22.298331141598823,-37.334023665759,-25.00170919864483
ISR,scen_random_2,-342.36360005686316,-620.5184177121427,-393.03316283806004
ITA,scen_random_2,-697.7796739902158,-1198.6392836269388,-877.2118407465618
JOR,scen_random_2,-10.03130530283822,-18.56689268693494,-24.022598765296063
JPN,scen_random_2,-1768.1327428915608,-3176.9989462381345,-3017.0576325635616
KAZ,scen_random_2,-46.47208426419494,-84.92623441890952,-54.866157899763614
KHM,scen_random_2,-7.121538714392527,-11.960163929245963,-5.098230826590102
KOR,scen_random_2,-1147.5204896367297,-2036.506770804001,-1804.5071897752418
KS,scen_random_2,-983.9619929492883,-1810.546408431359,-1674.1940979664598
KY,scen_random_2,-1648.467126907269,-3056.063086879962,-2975.7940330704546
LA,scen_random_2,-1793.4156218705314,-3292.3686425402134,-2265.2389732380184
LAO,scen_random_2,-2.1871821743091244,-3.7400592798266,-1.5753090071682228
LTU,scen_random_2,-26.174478292469924,-46.2706546279323,-18.903196049886567
LUX,scen_random_2,-140.21324168314942,-286.36515323141066,-472.26576360912753
LVA,scen_random_2,-10.159321739844847,-18.204094461844612,-16.75399566413106
MA,scen_random_2,-20958.892597986985,-40203.717298432915,-22776.3928625508
MAR,scen_random_2,-29.719110566507982,-53.94751343777546,-51.14510834521311
MD,scen_random_2,-4879.375704774808,-9229.451849917503,-6993.504493593951
ME,scen_random_2,-1807.3094281776478,-3286.5472125701804,-2213.8392335052063
MEX,scen_random_2,-2104.6266621038467,-3648.368251894228,-2757.9517089133315
MI,scen_random_2,-4419.928526380277,-8168.551015867004,-8453.557973912943
MLT,scen_random_2,-21.783518756671338,-44.47330135456719,-54.41207734802224
MMR,scen_random_2,-11.690506579921616,-17.684882414113765,-14.746495879487572
MN,scen_random_2,-2603.4503211820047,-4756.592272519375,-3998.081847289262
MO,scen_random_2,-1796.808454304634,-3383.39786423621,-3100.7836890393555
MS,scen_random_2,-682.8523087174991,-1255.5601360873898,-1255.8738151795962
MT,scen_random_2,-356.3907430046011,-643.464269194154,-429.4088764216609
MYS,scen_random_2,-309.7056371465992,-551.4093231664108,-504.02784454865673
NC,scen_random_2,-5991.6805523785615,-11151.579039166367,-8479.930149520158
ND,scen_random_2,-434.9171160972913,-759.7268119680125,-669.792223770158
NE,scen_random_2,-858.5079302145191,-1575.2061982277119,-1172.733760817911
NGA,scen_random_2,-149.82236019267515,-276.17685183457957,-110.20430120835981
NH,scen_random_2,-3297.668841261783,-6157.453481041395,-3718.993791812399
NJ,scen_random_2,-15033.220784587755,-28503.97960917972,-16589.444345265787
NLD,scen_random_2,-535.7569970280862,-993.5738454335036,-1375.0092724651204
NM,scen_random_2,-530.6269607782599,-986.8750313383266,-871.7578205464943
NOR,scen_random_2,-237.6817575018552,-408.32065449480683,-247.16191726233862
NV,scen_random_2,-686.9540829701372,-1307.2227746505387,-1246.9910615912154
NY,scen_random_2,-528092.2155111228,-963826.8476506985,-575124.6734909833
NZL,scen_random_2,-67.23339619870778,-112.9542023777315,-152.55459412951976
OH,scen_random_2,-6947.219367142988,-13085.111609172176,-9955.496656486313
OK,scen_random_2,-1340.2792070369312,-2449.116330255885,-1752.509882835361
OR,scen_random_2,-749.280526765988,-1418.0344795942453,-1449.1218320750759
PA,scen_random_2,-15914.927907840676,-30129.579471612815,-17755.05841703541
PAK,scen_random_2,-46.97214014057883,-82.38663861538907,-58.95281824093158
PER,scen_random_2,-104.08975142471456,-189.19156987904898,-239.21263591185078
PHL,scen_random_2,-215.44278986259766,-400.67217275924753,-198.35723869019745
POL,scen_random_2,-190.140642432263,-342.00564077245974,-301.9121526608919
PRT,scen_random_2,-91.34959088909117,-162.20585668778367,-77.7264405425684
RI,scen_random_2,-1600.2655788730517,-2988.9714704037897,-1826.7448743262794
ROU,scen_random_2,-61.055279175029284,-111.14065020337132,-172.04370884426203
ROW,scen_random_2,-1899.4387281682448,-3426.12115404271,-2462.4045338532146
RUS,scen_random_2,-682.2730676852095,-1247.2222647041358,-584.9545213329234
SAU,scen_random_2,-416.6927692542615,-769.9209012243678,-384.7234400398571
SC,scen_random_2,-1758.1229366346183,-3249.0015311485968,-2910.7928334832477
SD,scen_random_2,-538.0457295980466,-989.8383943978957,-622.8436070102504
SEN,scen_random_2,-2.509420248350658,-4.2073709205819,-4.7347037380437245
SGP,scen_random_2,-686.0369839234477,-1296.8467527960966,-1420.9067155418406
STP,scen_random_2,-0.07683823351293695,-0.15929288131267494,-0.09512717226304429
SVK,scen_random_2,-40.17510439537124,-71.08862975646576,-57.66772996212902
SVN,scen_random_2,-16.386729590960805,-29.04730729467186,-25.257019998150817
SWE,scen_random_2,-243.0528708633836,-442.3291497200551,-492.42305330646894
THA,scen_random_2,-339.71298787878067,-567.4170600015985,-610.2849515106966
TN,scen_random_2,-2514.66826384419,-4704.42533718683,-4480.705561761514
TUN,scen_random_2,-9.888735511977096,-17.9137817299329,-16.032875677723265
TUR,scen_random_2,-210.61186063191283,-368.8701643910803,-373.1223171220881
TWN,scen_random_2,-645.4937905626824,-1123.3960208022359,-771.9352980659788
TX,scen_random_2,-8721.678456434458,-16144.688524446585,-17151.462470714112
UKR,scen_random_2,-35.745989349762084,-67.06381521626702,-85.84495023088976
UT,scen_random_2,-1085.0136159927968,-2060.1845380520585,-1476.9560236720324
VA,scen_random_2,-6905.4622797727525,-12907.349452021817,-9213.463449959647
VNM,scen_random_2,-344.72856398672616,-559.6118711885123,-436.867670517607
VT,scen_random_2,-1357.038512140388,-2443.7633549289058,-1700.0840620488093
WA,scen_random_2,-1961.60798300234,-3777.5519024374967,-3586.6413829346707
WI,scen_random_2,-2418.1890376514903,-4470.536503753348,-3764.5618394824296
WV,scen_random_2,-724.9162657617275,-1340.6958720902146,-1065.2366580179237
WY,scen_random_2,-312.8422312201443,-577.318751310013,-324.5295494970923
ZAF,scen_random_2,-137.12059225225792,-255.2862133435981,-200.3394043083619
